,NSW,NSW,NSW,NSW,NSW,NSW,NSW,NSW,NSW,NSW,NSW,NSW,NSW,NSW,NSW,NSW,NSW,NSW,NSW,NSW,NSW,NSW,NSW,NSW,NSW,NSW,NSW,NSW,NSW,NSW,NSW,NSW,NSW,NSW,NSW,NSW,NSW,NSW,NSW,NSW,NSW,NSW,NSW,NSW,NSW,NSW,NSW,NSW,NSW,,VIC,VIC,VIC,,TAS,TAS,TAS,TAS,TAS,TAS,TAS,TAS,TAS,TAS,TAS,TAS,TAS,TAS,TAS,TAS,,QLD,QLD,QLD,QLD,QLD,QLD,QLD,QLD,QLD,QLD,QLD,,WA,WA,WA,WA,WA,WA,WA,WA,WA,WA,WA,WA,WA,WA,WA,WA,WA,WA,WA,,NT,NT,NT,NT,NT,NT,NT,NT,NT,NT,NT,NT,NT
Total,"4,851",70.3,19.9,70.0,363,50.0,71.1,70.0,114,70.0,129,65.1,6.5,70.0,42.0,73.2,"2,577",73.3,411,64.8,"74,019",72.5,"9,744",72.4,"1,036",72.5,59.9,70.0,12.1,69.4,"1,795",70.2,533,70.0,"75,729",72.5,"10,824",70.0,"19,549",72.5,208,70.0,187,70.0,"59,283",51.0,"282,684",67.4,"190,563",,"16,171",66.2,"10,705",,"56,104","24,780","4,609","295,443",176,"4,210",661,"3,128",561,"2,329","15,662","5,719","55,989",,,"469,369",,"56,538","78,136","58,799","8,100","7,889",182,69.2,"29,542","262,663",,"179,538",,594,"11,041","36,686",69.0,"25,298",389,"3,481","17,459",67.6,"11,808",0.31,5.5,16.5,65.8,10.8,,"54,824",68.5,"37,580",,"1,347",946,353,187,120,52.4,53.1,40.8,36.5,945,"8,504",70,"5,953"
Region,Lachlan,Lachlan,Lachlan,Lachlan,Lachlan,Lachlan,Lachlan,Lachlan,Tumut-Adelong,Tumut-Adelong,Tumut-Adelong,Tumut-Adelong,Tumut-Adelong,Tumut-Adelong,Tumut-Adelong,Tumut-Adelong,Southern,Southern,Hunter-Macleay,Hunter-Macleay,Peel-Uralla,Peel-Uralla,Peel-Uralla,Peel-Uralla,Peel-Uralla,Peel-Uralla,Peel-Uralla,Peel-Uralla,Peel-Uralla,Peel-Uralla,Peel-Uralla,Peel-Uralla,Peel-Uralla,Peel-Uralla,New England,New England,New England,New England,New England,New England,Cobar,Cobar,Albert,Albert,Ardlethan,Ardlethan,,,,,,,,,North-West,North-West,North-West,Western,Western,Western,Northern-,Eastern,Eastern,Eastern,Eastern,Eastern,North-East,,,,,Stanthorpe,Herberton,Herberton,Chillagoe-Mareeba,,Croydon,Croydon,Other,,,,,Greenbushes,Greenbushes,Greenbushes,Greenbushes,Greenbushes,Pilbara,Pilbara,Pilbara,Pilbara,Pilbara,Miscellaneous,Miscellaneous,Miscellaneous,Miscellaneous,Miscellaneous,Miscellaneous,,,,,Maranboy,Mount Wells-,Horseshoe,Wolfram,Hayes,Daly,Hidden,Bamboo,Anningie-,Miscellaneous,,,
Field,Misco.,Misco.,Yalgogrin,Yalgogrin,Barmedman,Barmedman,Narrandera,Narrandera,Germanton,Germanton,Albury,Albury,Wagga Wagga,Wagga Wagga,Holbrook,Holbrook,Goulburn,Goulburn,Kempsey,Kempsey,Tingha,Tingha,Glen Innes,Glen Innes,Inverell,Inverell,Kookabookra,Kookabookra,Armidale,Armidale,Bendemeer,Bendemeer,Miscellaneous,Miscellaneous,Emmaville,Emmaville,Deepwater-Torrington,,Wilson's Downfall-Tenterfield,,Euabalong,Euabalong,Broken Hill,Broken Hill,Ardlethan,Ardlethan,TOTAL,TOTAL,TOTAL,,TOTAL,TOTAL,TOTAL,,Mount Bischoff,Cleveland-Luina,Other,Renison Bell,Razorback,Other,Southern,Anchor,Royal George,Storey's Creek,Rossarden,Other,,TOTAL,TOTAL,TOTAL,,,,,,,,,,TOTAL,TOTAL,TOTAL,,,,Total,Total,Total,,,Total,Total,Total,,,Total,Total,Total,,TOTAL,TOTAL,TOTAL,,,Burundie,Creek,Camp (NT),Creek,River,Valley,Creek (NT),Conniston,& Unknown,TOTAL,TOTAL,TOTAL
,Tin Conc,Tin Conc,Tin Conc,Tin Conc,Tin Conc,Tin Conc,Tin Conc,Tin Conc,Tin Conc,Tin Conc,Tin Conc,Tin Conc,Tin Conc,Tin Conc,Tin Conc,Tin Conc,Tin Conc,Tin Conc,Tin Conc,Tin Conc,Tin Conc,Tin Conc,Tin Conc,Tin Conc,Tin Conc,Tin Conc,Tin Conc,Tin Conc,Tin Conc,Tin Conc,Tin Conc,Tin Conc,Tin Conc,Tin Conc,Tin Conc,Tin Conc,Tin Conc,Tin Conc,Tin Conc,Tin Conc,Tin Conc,Tin Conc,Tin Conc,Tin Conc,Mixed Sn,Mixed Sn,,,,,,,,,,,,,,,,,,,,,,,,,,,Lode Tin,Stream Tin,Lode Tin,Stream Tin,Lode Tin,Stream Tin,,,,,,Lode Tin,Stream Tin,,,,Lode Tin,Stream Tin,,,,Lode Tin,Stream Tin,,,,,,,,,,,,,,,,,,,,,
,t Sn conc,conc %Sn,t Sn conc,conc %Sn,t Sn conc,conc %Sn,t Sn conc,conc %Sn,t Sn conc,conc %Sn,t Sn conc,conc %Sn,t Sn conc,conc %Sn,t Sn conc,conc %Sn,t Sn conc,conc %Sn,t Sn conc,conc %Sn,t Sn conc,conc %Sn,t Sn conc,conc %Sn,t Sn conc,conc %Sn,t Sn conc,conc %Sn,t Sn conc,conc %Sn,t Sn conc,conc %Sn,t Sn conc,conc %Sn,t Sn conc,conc %Sn,t Sn conc,conc %Sn,t Sn conc,conc %Sn,t Sn conc,conc %Sn,t Sn conc,conc %Sn,t Sn conc,conc %Sn,t Sn conc,conc %Sn,t Sn,,t Sn conc,conc %Sn,t Sn,,t Sn,t Sn,t Sn,t Sn,t Sn,t Sn,t Sn,t Sn,t Sn,t Sn,t Sn,t Sn,t Sn,t Sn conc,conc %Sn,t Sn,,t Sn conc,t Sn conc,t Sn conc,t Sn conc,t Sn conc,t Sn conc,t Sn conc,t Sn conc,t Sn conc,conc %Sn,t Sn,,t Sn conc,t Sn conc,t Sn conc,conc %Sn,t Sn,t Sn conc,t Sn conc,t Sn conc,conc %Sn,t Sn,t Sn conc,t Sn conc,t Sn conc,conc %Sn,t Sn,Field(s),t Sn conc,conc %Sn,t Sn,,t Sn conc,t Sn conc,t Sn conc,t Sn conc,t Sn conc,t Sn conc,t Sn conc,t Sn conc,t Sn conc,t Sn conc,t Sn conc,conc %Sn,t Sn
1854,,,,,,,,,,,,,,,,,,,,,,,,,,,,,,,,,,,,,,,,,,,,,,,,,,,89.5,70,62.7,,,,,,,,,,,,,,,,,,,,,,,,,,,,,,,,,,,,,,,,,,,,,,,,,,,,,,,,,,,,,,,
1855,,,,,,,,,,,,,,,,,,,,,,,,,,,,,,,,,,,,,,,,,,,,,,,,,,,60.6,70,42.4,,,,,,,,,,,,,,,,,,,,,,,,,,,,,,,,,,,,,,,,,,,,,,,,,,,,,,,,,,,,,,,
1856,,,,,,,,,,,,,,,,,,,,,,,,,,,,,,,,,,,,,,,,,,,,,,,,,,,565,70,395,,,,,,,,,,,,,,,,,,,,,,,,,,,,,,,,,,,,,,,,,,,,,,,,,,,,,,,,,,,,,,,
1857,,,,,,,,,,,,,,,,,,,,,,,,,,,,,,,,,,,,,,,,,,,,,,,,,,,719,70,503,,,,,,,,,,,,,,,,,,,,,,,,,,,,,,,,,,,,,,,,,,,,,,,,,,,,,,,,,,,,,,,
1858,,,,,,,,,,,,,,,,,,,,,,,,,,,,,,,,,,,,,,,,,,,,,,,,,,,364,70,255,,,,,,,,,,,,,,,,,,,,,,,,,,,,,,,,,,,,,,,,,,,,,,,,,,,,,,,,,,,,,,,
1859,,,,,,,,,,,,,,,,,,,,,,,,,,,,,,,,,,,,,,,,,,,,,,,,,,,111,70,77.6,,,,,,,,,,,,,,,,,,,,,,,,,,,,,,,,,,,,,,,,,,,,,,,,,,,,,,,,,,,,,,,
1860,,,,,,,,,,,,,,,,,,,,,,,,,,,,,,,,,,,,,,,,,,,,,,,,,,,99.1,70,69.4,,,,,,,,,,,,,,,,,,,,,,,,,,,,,,,,,,,,,,,,,,,,,,,,,,,,,,,,,,,,,,,
1861,,,,,,,,,,,,,,,,,,,,,,,,,,,,,,,,,,,,,,,,,,,,,,,,,,,151,70,106,,,,,,,,,,,,,,,,,,,,,,,,,,,,,,,,,,,,,,,,,,,,,,,,,,,,,,,,,,,,,,,
1862,,,,,,,,,,,,,,,,,,,,,,,,,,,,,,,,,,,,,,,,,,,,,,,,,,,69.3,70,48.5,,,,,,,,,,,,,,,,,,,,,,,,,,,,,,,,,,,,,,,,,,,,,,,,,,,,,,,,,,,,,,,
1863,,,,,,,,,,,,,,,,,,,,,,,,,,,,,,,,,,,,,,,,,,,,,,,,,,,79.2,70,55.5,,,,,,,,,,,,,,,,,,,,,,,,,,,,,,,,,,,,,,,,,,,,,,,,,,,,,,,,,,,,,,,
1864,,,,,,,,,,,,,,,,,,,,,,,,,,,,,,,,,,,,,,,,,,,,,,,,,,,95.0,70,66.5,,,,,,,,,,,,,,,,,,,,,,,,,,,,,,,,,,,,,,,,,,,,,,,,,,,,,,,,,,,,,,,
1865,,,,,,,,,,,,,,,,,,,,,,,,,,,,,,,,,,,,,,,,,,,,,,,,,,,16.7,70,11.7,,,,,,,,,,,,,,,,,,,,,,,,,,,,,,,,,,,,,,,,,,,,,,,,,,,,,,,,,,,,,,,
1866,,,,,,,,,,,,,,,,,,,,,,,,,,,,,,,,,,,,,,,,,,,,,,,,,,,93.9,70,65.8,,,,,,,,,,,,,,,,,,,,,,,,,,,,,,,,,,,,,,,,,,,,,,,,,,,,,,,,,,,,,,,
1867,,,,,,,,,,,,,,,,,,,,,,,,,,,,,,,,,,,,,,,,,,,,,,,,,,,180,70,126,,,,,,,,,,,,,,,,,,,,,,,,,,,,,,,,,,,,,,,,,,,,,,,,,,,,,,,,,,,,,,,
1868,,,,,,,,,,,,,,,,,,,,,,,,,,,,,,,,,,,,,,,,,,,,,,,,,,,224,70,157,,,,,,,,,,,,,,,,,,,,,,,,,,,,,,,,,,,,,,,,,,,,,,,,,,,,,,,,,,,,,,,
1869,,,,,,,,,,,,,,,,,,,,,,,,,,,,,,,,,,,,,,,,,,,,,,,,,,,273,70,191,,,,,,,,,,,,,,,,,,,,,,,,,,,,,,,,,,,,,,,,,,,,,,,,,,,,,,,,,,,,,,,
1870,,,,,,,,,,,,,,,,,,,,,,,,,,,,,,,,,,,,,,,,,,,,,,,,,,,149,70,104,,,,,,,,,,,,,,,,,,,,,,,,,,,,,,,,,,,,,,,,,,,,,,,,,,,,,,,,,,,,,,,
1871,,,,,,,,,,,,,,,,,,,,,,,,,,,,,,,,,,,,,,,,,,,,,,,,,,,254,68,173,,,,,,,,,,,,,,,,,,,,,,,,,,,,,,,,,,,,,,,,,,,,,,,,,,,,,,,,,,,,,,,
1872,,,,,,,,,,,,,,,,,,,,,127,72.5,,,,,,,,,,,,,635,72.5,,,132,72.5,,,,,,,894,72.5,648,,300,72.5,217,,,,,,,,,,,,,,,,,,,"1,430",,,,,,,,"1,430",70,"1,001",,,,,,,,,,,,,,,,,,,,,,,,,,,,,,,,,,
1873,,,,,,,,,,,,,,,,,,,,,"1,295",72.5,,,,,,,,,,,,,"1,778",72.5,,,"1,295",72.5,,,,,,,"4,369",72.5,"3,167",,178,70,124,,,,,,,,,,,,,,,,,,,"9,081",,,,,,,,"9,081",70,"6,357",,,,,,,,,,,,,,,,,,,,,,,,,,,,,,,,,,
1874,,,,,,,,,,,,,,,,,,,,,"1,270",72.5,,,,,,,,,,,,,"2,525",72.5,,,"1,270",72.5,,,,,,,"5,065",72.5,"3,672",,115,71.7,82.1,,224,,5.1,,,,,,,,,,25,,,254,,"5,793",,,,,,,,"5,793",70,"4,055",,,,,,,,,,,,,,,,,,,,,,,,,,,,,,,,,,
1875,,,,,,,,,,,,,,,,,,,,,"1,701",72.5,,,,,,,,,,,,,"3,089",72.5,,,"1,585",72.5,,,,,,,"6,374",72.5,"4,621",,66.5,72.5,48.2,,289,,5.1,,,,,,,,,,300,,,594,,"4,547",,,,,,,,"4,547",70,"3,183",,,,,,,,,,,,,,,,,,,,,,,,,,,,,,,,,,
1876,,,,,,,,,,,,,,,,,,,,,"2,337",72.5,"1,016",72.5,,,,,,,,,,,"3,057",72.5,,,"1,408",72.5,,,,,,,"7,818",72.5,"5,668",,27.4,70,19.2,,612,,5.1,,,,,,,,,,650,,,"1,267",,"4,384",,,,,,,,"4,384",70,"3,069",,,,,,,,,,,,,,,,,,,,,,,,,,,,,,,,,,
1877,,,,,,,,,,,,,,,,,,,,,"1,829",72.5,102,72.5,,,,,,,,,,,"1,777",72.5,,,"1,417",72.5,,,,,,,"5,125",72.5,"3,715",,96.2,70,67.3,,"1,296",,5.1,,,25.4,,,,,,,850,,,"2,177",,"3,388",,,,,,,,"3,388",70,"2,372",,,,,,,,,,,,,,,,,,,,,,,,,,,,,,,,,,
1878,,,,,,,,,,,,,,,,,,,,,"1,524",72.5,305,72.5,,,,,,,,,,,"1,967",72.5,,,"1,125",72.5,,,,,,,"4,920",72.5,"3,567",,73.1,70,51.2,,"1,550",,5.1,,,76.2,,,,,,,800,,,"2,432",,"2,895",,,,,,,,"2,895",70,"2,026",,,,,,,,,,,,,,,,,,,,,,,,,,,,,,,,,,
1879,,,,,,,,,,,,,,,,,,,,,"1,052",72.5,305,72.5,,,,,,,,,,,"2,759",72.5,,,720,72.5,,,,,,,"4,835",72.5,"3,506",,24.4,70,17.1,,"1,831",,5.1,,,127,,,,,,,750,,,"2,713",,"2,790",31.5,102,,,,,,"2,923",70,"2,046",,,,,,,,,,,,,,,,,,,,,,,,,,,,,,,,,,
1880,,,,,,,,,,,,,,,,,,,,,"1,750",72.5,268,72.5,,,,,,,,,,,"3,755",72.5,,,688,72.5,,,,,,,"6,461",72.5,"4,684",,98.6,61.5,60.6,,"1,758",,5.1,,,152,,,,,,,650,,,"2,565",,2696,94.5,102,,,,,,"2,893",70,"2,025",,,,,,,,,,,,,,,,,,,,,,,,,,,,,,,,,,
1881,,,,,,,,,,,,,,,,,,,,,"2,540",72.5,508,72.5,,,,,,,,,,,"4,104",72.5,,,554,72.5,,,,,,,"7,706",72.5,"5,587",,125,62.5,78.1,,"1,701",,5.1,,,203,,,,,,,500,,,"2,409",,"2,308","1,101",102,,,,,,"3,511",70,"2,458",,,,,,,,,,,,,,,,,,,,,,,,,,,,,,,,,,
1882,,,,,,,,,,,,,,,,,,,,,"3,160",72.5,359,72.5,,,,,,,,,,,"3,208",72.5,,,625,72.5,,,,,,,"7,351",72.5,"5,330",,"1,095",62.5,684,,"1,790",,5.1,,,152,,,,,,,450,,,"2,398",,"2,490","1,636",203,,,,,,"4,329",70,"3,030",,,,,,,,,,,,,,,,,,,,,,,,,,,,,,,,27.3,70,19.1
1883,,,,,,,,,,,,,,,,,,,,,"2,549",72.5,307,72.5,,,,,,,,,,,"2,549",72.5,,,457,72.5,,,,,,,"5,862",72.5,"4,250",,95.7,62.5,59.8,,"1,754",,5.1,,,127,,,,,,,425,,,"2,311",,830,"2,759",610,,,,,,"4,199",70,"2,939",,,,,,,,,,,,,,,,,,,,,,,,,,,,,,,,7.7,70,5.4
1884,,,,,,,,,,,,,,,,,,,,,"2,430",72.5,134,72.5,,,,,,,,,,,"2,277",72.5,,,498,72.5,,,,,,,"5,339",72.5,"3,871",,45.5,65,29.6,,"1,869",,5.1,,,50.8,,,,,,,400,,,"2,325",,949,"1,933",457,,,,,98.4,"3,437",70,"2,406",,,,,,,,,,,,,,,,,,,,,,,,,,,,,,,,33.8,70,23.7
1885,,,,,,,,,,,,,,,,,,,,,"1,863",72.5,163,72.5,,,,,,,5.1,70,,,"2,545",72.5,,,316,72.5,,,,,,,"4,892",72.5,"3,547",,,,,,"1,951",,5.1,,,5.1,,,,,,,400,,,"2,361",,511,"2,129",254,,,,,411,"3,305",70,"2,314",,,,,,,,,,,,,,,,,,,,,,,,,,,,,,,,3.0,70,2.1
1886,,,,,,,,,,,,,,,,,,,,,"1,675",72.5,232,72.5,,,,,,,6.1,70,,,"1,924",72.5,,,312,72.5,,,,,,,"4,149",72.5,"3,008",,1.5,65,1.0,,"1,792",,5.1,,,5.1,,,,,,,375,,,"2,177",,437,"2,234",254,,,,,279,"3,203",70,"2,242",,,,,,,,,,,,,,,,,,,,,,,,,,,,,,,,10.7,70,7.5
1887,,,,,,,,,,,,,,,,,,,,,"1,280",72.5,174,72.5,,,,,,,7.6,70,,,"2,682",72.5,,,274,72.5,,,6.1,70,,,"4,424",72.5,"3,207",,7.1,65,4.6,,"1,752",,5.1,,,5.1,,,,,,,375,,,"2,137",,362,"1,532",305,,,,,"1,133","3,331",70,"2,332",,,,,,,,,,,,,,,,,,,,,,,,,,,,,,,,27.9,70,19.5
1888,,,,,,,,,,,,,,,,,,,,,"1,023",72.5,199,72.5,,,,,,,19.6,70,,,"1,054",72.5,,,206,72.5,,,28.0,70,,,"2,530",72.5,"1,833",,55.4,65,36.0,,"1,790",,5.1,,,5.1,,,,,,,375,,,"2,175",,421,"1,412",140,,,,,"1,670","3,643",70,"2,550",,,,,,,,,,,,,,,,,,,,,,,,,,,,,,,,84.9,70,59.4
1889,,,,,,,,,,,,,,,,,,,,,"1,374",72.5,145,72.5,,,,,,,26.4,70,,,"1,578",72.5,,,258,72.5,,,13.8,70,,,"3,395",72.5,"2,460",,111,65,71.9,,"1,672",,5.1,,,5.1,,,,,,,375,,,"2,057",,315,"1,585",212,,,,,969,"3,082",70,"2,157",,,5.1,5.1,70,3.6,,,,,,,,,,,,5.1,70,3.6,,,,,,,,,,,,90.2,70,63.1
1890,,,,,,,,,,,,,,,,,,,38.6,65,"1,270",72.5,154,72.5,,,,,,,20.4,70,,,"1,168",72.5,,,224,72.5,,,,,,,"2,876",72.4,"2,081",,924,65,601,,"1,540",,5.1,,,5.1,,,,,,,400,,,"1,950",,281,"1,717",347,,,,,673,"3,018",70,"2,112",,,68.6,68.6,70,48.0,,,,,,,,,,,,68.6,70,48.0,,,,,,,,,,,,116,70,81.4
1891,,,,,,,,,,,,,,,,,,,,,"1,013",72.5,43.7,72.5,,,,,,,20.3,70,,,989,72.5,,,244,72.5,,,,,,,"2,309",72.5,"1,674",,"1,807",65,"1,174",,"1,603",,5.1,,,5.1,,,,,,,375,,,"1,988",,248,"1,080",268,,,,,676,"2,272",70,"1,590",,1.0,206,207,70,145,,,,,,,,,,,,207,70,145,,,,,,,,,,,,30.3,70,21.2
1892,,,,,,,,,,,,,,,,,,,14.5,65,610,72.5,166,72.5,,,,,,,10.2,70,,,"1,080",72.5,427,70,231,72.5,6.4,70,3.0,70,,,"2,547",72.0,"1,834",,414,65,269,,"1,487",,5.1,,,5.1,,,,,,,375,,,"1,873",,250,"1,200",161,,,,,817,"2,427",70,"1,699",,1.2,268,270,70,189,,,,,,,,,,,,270,70,189,,,,,,,,,,,,32.0,70,22.4
1893,,,,,,,,,,,,,,,,,,,,,711,72.5,81.5,72.5,,,,,,,6.9,70,,,"1,052",72.5,356,70,179,72.5,,,0.46,70,,,"2,387",72.1,"1,721",,53.6,65,34.8,,"1,481",,5.1,,,5.1,,,,,,,375,,,"1,866",,339,"1,234",392,,,,,508,"2,473",70,"1,731",,1.5,173,174,70,122,,,57.4,70,40.1,,,,,,,232,70,162,,,,,,,,,,,,29.1,70,20.4
1894,,,,,,,,,,,,,,,,,,,,,754,72.5,122,72.5,,,,,,,20.0,70,,,"1,126",72.5,356,70,159,72.5,,,25.4,70,,,"2,562",72.1,"1,848",,61.0,65,39.6,,"1,431",,5.1,,,5.1,,,,,,,375,,,"1,816",,175,"1,270",722,,,,,750,"2,917",70,"2,042",,1.8,375,377,70,264,,,19.3,70,13.5,,,,,,,396,70,278,,,,,,,,,,,,32.6,70,22.8
1895,,,,,,,,,,,,,,,,,,,,,477,72.5,168,72.5,,,,,,,12.0,70,,,914,72.5,203,70,99.6,72.5,,,0.20,70,,,"1,874",72.2,"1,353",,60,65,39.0,,"1,526",,5.1,,,5.1,,,,,,,375,,,"1,911",,94.5,"1,053",519,,,,,482,"2,148",70,"1,503",,2.2,279,282,70,197,,,,,,,,,,,,282,70,197,,,,,,,,,,,,70.0,70,49.0
1896,,,,,,,,,,,,,,,,,,,,,638,72.5,178,72.5,,,12.2,70,,,12.3,70,,,735,72.5,305,70,152,72.5,,,,,,,"2,032",72.1,"1,465",,60,65,39.0,,"1,687",,10.2,,,5.1,,,,,,,375,,,"2,077",,97.5,759,317,,,,,406,"1,579",70,"1,105",,2.7,137,139,70,97.6,,,,,,,,,,,,139,70,97.6,,,,,,,,,,,,14.2,70,10.0
1897,,,,,,,,,,,,,,,,,,,18.0,65,701,72.5,67.1,72.5,,,,,,,11.7,70,,,610,72.5,254,70,81.3,72.5,0.70,70,,,,,"1,743",72.0,"1,256",,47.8,65,31.0,,"1,693",,15.2,,,5.1,,,,,,,375,,,"2,088",,53.8,761,189,,,,,218,"1,222",70,856,,3.3,93.8,97.1,70,68.0,,,,,,,,,,,,97.1,70,68.0,,,,,,,,,,,,0.59,70,0.42
1898,,,,,,,,,,,,,,,,,,,19.9,65,549,72.5,78.2,72.5,,,,,,,10.2,70,,,481,72.5,152,70,66.0,72.5,,,1.0,70,,,"1,357",72.1,978,,88.9,65,57.8,,"1,317",,25.4,,,5.1,,,,,,,375,,,"1,722",,91.4,517,266,,,,,167,"1,041",70,729,,4.1,65.2,69.2,70,48.5,,,,,,,,,,,,69.2,70,48.5,,,,,,,,,,,,1.2,70,0.83
1899,,,,,,,,,,,,,,,,,,,,,478,72.5,90.9,72.5,141,72.5,5.1,70,,,9.1,70,,,566,72.5,141,70,71.9,72.5,,,5.1,70,,,"1,508",72.2,"1,089",,158,65,103,,"1,357",,35.6,,,5.0,,,,,,135,418,,,"1,951",,74.2,756,291,,,,,208,"1,329",70,930,,4.9,277,282,70,197,,,58.4,70,40.9,,,,,,,340,70,238,,,,,,,,,,,,,,
1900,,,,,,,,,2.0,70,,,,,,,,,10.8,66,508,72.5,71.1,72.5,,,5.1,70,7.3,70,12.2,70,12.5,70,445,72.5,204,70,80.3,72.5,,,5.1,70,,,"1,363",72.0,982,,72.1,65,46.9,,"1,363",,6.1,,,2.1,13.5,105,,,,26.5,347,,,"1,863",,65.0,515,161,,,6.3,0.93,393,"1,141",70,799,,6.0,437,443,70,310,,,394,70,276,,,,,,,837,70,586,,,,,,,,,,,,16.6,70,11.6
1901,0.12,70,,,,,,,1.1,70,,,,,,,,,,,408,72.5,5.3,72.5,,,2.0,70,,,13.5,70,9.6,70,312,72.5,203,70,76.2,72.5,,,8.1,70,,,"1,039",71.9,748,,72.1,65,46.9,,998,,15.2,,,2.1,11.4,111,,,,21.9,336,,,"1,496",,82.3,925,230,,,3.3,0.36,447,"1,688",70,"1,181",,7.3,319,326,70,229,,,420,70,294,,,,,,,746,70,522,,,,,,,,,,,,80.7,70,56.5
1902,1.5,70,,,,,,,1,70,,,,,,,,,23.3,65,406,72.5,4.3,72.5,,,2.0,70,,,13.1,70,,,473,72.5,213,70,43.7,72.5,,,19.6,70,,,"1,202",71.8,863,,10.2,65,6.6,,898,,41.7,,,28.4,,122,,,,93.4,759,,,"1,942",,114,"1,549",121,,,1.1,0.91,332,"2,118",70,"1,483",,8.9,401,410,70,287,,,220,70,154,,,,,,,629,70,441,,,,,,,,,,,,122,70,85.6
1903,,,1.1,70,,,,,,,,,,,,,,,56.6,65,472,72.5,9.1,72.5,,,15.1,70,2.8,70,24.5,70,,,457,72.5,321,70,50.5,72.5,,,27.9,70,,,"1,438",71.5,"1,029",,33.5,65,21.8,,886,,54.9,,,52.6,,183,,,,153,"1,042",,,"2,370",,257,"2,305",620,,,6.1,1.6,579,"3,768",70,"2,637",,10.9,522,533,70,373,,,297,70,208,,,,,,,830,70,581,,,,,,,,,,,,174,70,122
1904,3.6,70,,,,,,,,,,,,,4.1,72.5,,,37.7,65,559,72.5,15.2,72.5,,,8.1,70,,,14.9,70,,,508,72.5,263,70,183,72.5,,,7.5,70,,,"1,604",71.9,"1,153",,72.1,65,46.9,,876,,27.4,,,63.3,0.7,174,,,,215,"1,137",,,"2,493",,364,"2,206",715,,,15.3,,685,"3,986",70,"2,790",,13.3,529,542,70,380,,,326,70,228,,,,,,,868,70,608,,,,,,,,,,,,274,70,192
1905,8.2,70,,,,,,,,,,,,,4.3,72.5,,,20.3,65,"1,176",72.5,10.2,72.5,,,,,,,10.9,70,,,460,72.5,77.7,70,106,72.5,,,2.4,70,,,"1,875",72.3,"1,356",,126,65,81.9,,853,,46.7,,,71.1,16.7,145,,,,140,"1,533",,,"2,807",,339,"2,327",695,,,0.95,,646,"4,008",70,"2,806",,16.2,638,654,70,458,,,443,70,310,,,,,,,"1,097",70,768,,,,,,,,,,,,293,70,205
1906,9.5,70,1.1,70,,,,,37.6,70,,,,,,,,,127,65,"1,505",72.5,154,72.5,,,10.3,70,,,11.8,70,,,417,72.5,51.4,70,123,72.5,,,13.5,70,,,"2,461",72.0,"1,771",,108,65,70.0,,725,,90.4,,,84.6,8.5,144,,,,66.3,"2,087",,,"3,206",,315,"2,901","1,014",,,1.0,4.1,664,"4,900",70,"3,430",,26.6,769,796,70,557,37.2,686,723,70,506,,,,,,,"1,519",70,"1,063",,,,,,,,,,,,407,70,285
1907,,,2.0,70,,,,,46.7,70,,,,,,,,,26.0,65,"1,841",72.5,147,72.5,67.4,72.5,,,,,19.1,70,,,420,72.5,83.7,70,173,72.5,,,2.9,70,,,"2,829",72.3,"2,045",,105,65,68.0,,478,,155,,,96.9,21.2,148,,,,81.8,"2,127",,,"3,108",,330,"3,487",738,,,4.0,42.7,621,"5,222",70,"3,656",,41.0,741,782,70,548,105.8,762,867,70,607,,,,,,,"1,650",70,"1,155",,,,,,,,,,,,430,70,301
1908,3.8,70,1.7,70,,,,,1.5,70,,,,,,,,,,,"1,430",72.5,64.8,72.5,39.8,72.5,,,,,14.2,70,,,556,72.5,142,70,238,72.5,15.2,70,,,,,"2,506",72.3,"1,813",,80.3,65,52.2,,614,,180,,,95.9,64.0,95,,,,99.2,"2,097",,,"3,245",,444,"3,061",796,,,11.2,10.3,580,"4,903",70,"3,432",,14.1,571,586,70,410,31.5,378,409,70,287,,,,,,,995,70,697,,,,,,,,,,,,455,70,318
1909,,,,,,,,,1.5,70,,,,,,,,,6.1,65,"1,519",72.5,24.4,72.5,18.0,72.5,,,,,19.3,70,,,686,72.5,102,70,233,72.5,1.2,70,10.2,70,,,"2,620",72.4,"1,896",,90.4,65,58.8,,683,25,287,32.5,,167,59.6,107,,,,104,"1,831",,,"3,295",,116,"1,472",446,659,169,6.7,3.7,506,"3,379",70,"2,365",,45.1,421,466,70,326,83.1,216,299,70,209,,1.5,1.5,70,1.1,Cue,766,70,536,,,,,,,,,,,,423,70,296
1910,1.5,70,,,,,,,0.83,70,,,0.19,70,0.53,72.5,,,,,"1,074",72.5,71.1,72.5,50.8,72.5,,,,,24.5,70,,,801,72.5,73.3,70,198,72.5,,,4.6,70,,,"2,300",72.4,"1,665",,41.7,65,27.1,,709,52,121,114,,175,27.8,104,,,,108,"1,259",,,"2,670",,130,"1,134",426,638,144,,,528,"3,000",70,"2,100",,25.5,297,323,70,226,34.3,122,156,70,109,,,,,,,479,70,335,,,139,74.2,16.9,,2.4,3.9,,,134,370,70,259
1911,1.0,70,0.15,70,,,,,2.5,70,,,4.1,70,,,0.10,72.5,,,"1,195",72.5,73.8,72.5,0.61,72.5,,,,,33.9,70,,,819,72.5,90.4,70,202,72.5,3.6,70,1.7,70,,,"2,428",72.4,"1,757",,33.5,65,21.8,,715,40,180,85.8,,124,31.1,142,,,,75.2,"1,464",,,"2,857",,138,"1,611",453,381,174,11.4,,372,"3,140",70,"2,198",,28.3,389,418,70,292,27.8,123,151,70,106,,,,,,,569,70,398,,,80.8,40.6,20.3,,1,3.8,,,96.3,243,70,170
1912,,,,,,,,,5.6,70,117,65,0.69,70,,,0.51,72.5,,,"1,022",72.5,68.4,72.5,12.4,72.5,,,,,21.3,70,508,70,"1,136",72.5,96.9,70,170,72.5,29.7,70,,,386,65,"3,574",71.0,"2,537",,48.8,65,31.7,,748,39,212,62.7,,119,35.0,105,,8.1,,43.5,"1,350",,,"2,722",,169,"1,652",306,405,107,13.4,1.8,627,"3,282",70,"2,297",,15.1,422,437,70,306,10.4,115,125,70,87.7,,,,,,,563,70,394,,,102,40.6,14.2,,3,4.1,,,111,385,70,269
1913,,,2.7,70,,,,,,,2.5,65,,,,,0.76,72.5,,,"1,188",72.5,130,72.5,9.9,72.5,,,,,52.8,70,,,"1,102",72.5,164,70,161,72.5,7.1,70,,,384,65,"3,204",71.4,"2,288",,57.9,65,37.6,,738,30,256,98.3,,154,41.2,101,87,7.1,,125,"1,275",,,"2,913",,251,"1,532",359,326,178,5.9,0.87,596,"3,249",70,"2,274",,29.5,436,466,70,326,14.4,127,141,70,98.9,,3.3,3.3,70,2.3,Cue,610,70,427,,5.7,50.6,72.5,8.4,,,1.1,,,22.9,236,70,165
1914,,,1.5,70,,,,,8.9,70,,,,,,,2.0,72.5,,,808,72.5,103,72.5,1.2,72.5,,,,,27.4,70,,,"1,007",72.5,119,70,127,72.5,1.3,70,,,259,65,"2,464",71.6,"1,763",,53.4,65,34.7,,419,17,177,52.8,,135,29.1,63,58,6.8,,74.8,827,,,"1,860",,214,913,246,143,96.0,32,0.54,474,"2,119",70,"1,483",,5.4,243,248,70,174,12.5,76.3,88.8,70,62.2,,,,,,,337,70,236,,,37.3,27.4,15.0,,,,,,3.3,154,70,108
1915,,,1.1,70,245,50,,,,,,,,,1.6,72.5,,,,,673,72.5,105,72.5,3.0,72.5,,,,,4.3,70,,,"1,062",72.5,82.3,70,141,72.5,2.8,70,,,553,65,"2,874",69.1,"1,984",,97.1,65,63.1,,297,7,223,15.3,,129,51.7,19,69,31.9,,200,943,,,"1,986",,184,930,253,202,123,,,466,"2,159",70,"1,511",,7.7,244,251,70,176,5.1,74.8,79.9,70,55.9,,,,,,,331,70,232,,,37.3,27.4,15.0,,,,,,3.3,110,70,76.9
1916,1.1,70,0.67,70,,,10.7,70,,,,,,,0.38,72.5,,,,,712,72.5,13.8,72.5,5.1,72.5,,,,,33.0,70,,,"1,106",72.5,84.8,70,140,72.5,3.3,70,,,319,66,"2,429",71.5,"1,737",,124,65,80.6,,287,14,260,16.6,,166,47.8,21.2,93,35.4,,206,"1,005",,,"2,151",,314,664,170,114,74.7,,,396,"1,734",70,"1,214",,10.1,276,286,70,200,6.6,149,156,70,109,,,,,,,442,70,309,,85.5,,,,,,,,,56.8,197,70,138
1917,,,2.5,70,,,,,0.19,70,,,,,,,,,,,619,72.5,140,72.5,203,72.5,,,,,24.1,70,,,951,72.5,127,70,130,72.5,8.1,70,,,456,65,"2,660",71.1,"1,891",,141,65,91.8,,250,11,227,6.1,,172,51.5,6.4,80,28.5,,214,902,,,"1,949",,217,380,170,77,105,,,246,"1,196",70,837,,11.4,230,242,70,169,4.1,66.0,70.2,70,49.1,,,,,,,312,70,218,,133,17.0,13.7,21.3,,,,,,58.9,250,70,175
1918,10,70,4.2,70,,,,,0.30,70,,,,,0.20,72.5,,,,,702,72.5,146,72.5,37.6,72.5,,,,,27.2,70,,,887,72.5,112,70,157,72.5,,,,,363,65,"2,446",71.2,"1,743",,138,65,89.8,,260,,197,28.6,,152,44.3,4.7,78,38.7,,193,685,,,"1,681",,173,554,171,103,150,,,182,"1,332",70,932,,51.3,249,301,70,210,5.8,95.3,101,70,70.8,,,,,,,402,70,281,,92.2,27.1,,30.1,,,,,,100,165,70,115
1919,,,,,,,5.7,70,,,,,,,0.41,72.5,,,,,637,72.5,164,72.5,102,72.5,,,,,5.2,70,,,"1,011",72.5,110,70,158,72.5,16.3,70,,,685,65,"2,896",70.6,"2,045",,117,65,76.0,,331,,167,48.2,,76.5,39.5,4.6,18.0,34.8,,88.9,657,,,"1,465",,106,416,117,84.4,41.9,,,244,"1,010",70,707,,24.0,224,249,70,174,,37.3,37.3,70,26.1,,,,,,,286,70,200,,79.6,,,,,,,,,85.1,183,70,128
1920,,,,,,,,,,,,,,,,,,,,,698,72.5,169,72.5,19.3,72.5,,,,,9.0,70,,,906,72.5,135,70,115,72.5,37.1,70,,,363,65,"2,451",71.2,"1,746",,86.1,65,56.0,,282,,86.4,38.9,,87.0,0.49,2.4,67.6,39.6,,56.1,640,,,"1,301",,161,709,141,60.1,36.1,1.3,,402,"1,510",70,"1,057",,10.4,183,193,70,135,,42.2,42.2,70,29.5,,,,,,,235,70,165,,67.3,32.6,11.9,22.7,19.5,,,,,28.3,84.3,70,59.0
1921,,,,,,,,,,,,,,,0.15,72.5,,,,,579,72.5,43.0,72.5,7.1,72.5,,,,,20.3,70,0.50,70,548,72.5,216,70,58.9,72.5,35.6,70,,,121,65,"1,630",71.5,"1,166",,81.3,65,52.8,,171,,13.2,19.2,,32.5,0.64,,,16.5,,91.2,428,,,772,,127,379,106,25.9,31.8,4.1,,394,"1,067",70,747,,7.1,46.6,53.7,70,37.6,,14.7,14.7,70,10.3,,,,,,,68.4,70,47.9,,53.8,16.3,,,8.1,,,,,6.1,80.7,70,56.5
1922,,,,,,,,,,,,,,,0.26,72.5,,,,,376,72.5,12.7,72.5,8.1,72.5,,,,,13.2,70,,,369,72.5,217,70,45.7,72.5,8.1,70,,,77.7,65,"1,128",71.5,806,,116,65,75.6,,91.4,,6.1,21.8,,12.3,1.1,,,22.5,,56.8,444,,,656,,152,392,110,10.8,34.3,,,417,"1,115",70,781,,0.15,16.0,16.1,70,11.3,,25.4,25.4,70,17.7,,,,,,,41.5,70,29.0,,30.0,5.3,21.2,1.9,5.9,,,,,15.6,138,70,96.4
1923,,,,,,,,,,,,,,,0.61,72.5,,,,,406,72.5,16.8,72.5,1.8,72.5,,,,,28.4,70,,,371,72.5,167,70,64.0,72.5,9.1,70,,,176,65,"1,241",71.0,881,,79.0,65,51.4,,171,,53.8,22.2,,24.5,0.17,,,114.7,,60.0,693,,,"1,139",,115,426,112,2.9,50.2,3.2,,209,917,70,642,,,28.5,28.5,70,19.9,,24.8,24.8,70,17.4,,,,,,,53.3,70,37.3,,53.6,20.4,14.6,11.2,10.1,,,,,28.1,98.5,70,69.0
1924,,,1.0,70,,,,,,,,,,,0.71,72.5,,,,,541,72.5,33.8,72.5,41.7,72.5,,,,,31.5,70,,,449,72.5,131,70,49.6,72.5,3.0,70,,,391,65,"1,673",70.5,"1,180",,38.6,65,25.1,,203,,24.4,10.8,,30.2,1.1,,,75.4,,64.8,682,,,"1,092",,61.4,731,85.7,5.4,43.5,0.86,,287,"1,215",70,850,,0.33,53.1,53.4,70,37.4,,29.0,29.0,70,20.3,,,,,,,82.4,70,57.7,,18.6,31.0,,,2.9,26.7,0.59,,,18.6,112,70,78.1
1925,,,,,,,,,,,,,,,0.10,72.5,,,,,450,72.5,34.0,72.5,39.6,72.5,,,,,43.9,70,,,363,72.5,147,70,64.3,72.5,2.5,70,,,349,65,"1,493",70.4,"1,052",,70.1,65,45.6,,256,,85.3,8.2,,16.7,8.8,,,103,,82.3,556,,,"1,116",,103,533,118,7.1,47.5,,,220,"1,028",70,720,,1.2,54.9,56.2,70,39.3,,24.3,24.3,70,17.0,,,,,,,80.5,70,56.3,,49.6,32.6,,,9.9,9.3,6.6,,,1.6,99.1,70,69.4
1926,0.16,70,,,25.4,50,1.4,70,0.30,70,,,,,1.6,72.5,3.6,72.5,0.30,65,481,72.5,47.2,72.5,12.7,72.5,,,,,47.2,70,,,409,72.5,172,70,59.4,72.5,6.1,70,,,368,65,"1,636",70.1,"1,147",,29.5,65,19.2,,276,,133,9.0,,1.2,3.0,,,68.9,,17.5,324,,,833,,148,504,76.1,36.3,41.1,,,269,"1,075",70,753,,,62.4,62.4,70,43.7,,36.0,36.0,70,25.2,,,,,,,98.4,70,68.9,,36.5,30.1,,,13.0,5.1,5.0,,,9.6,110,70,77.3
1927,0.09,70,,,28.4,50,0.12,70,,,,,,,4.0,72.5,1.0,72.5,,,395,72.5,109,72.5,33.5,72.5,,,,,18.3,70,0.51,70,360,72.5,229,70,67.3,72.5,0.86,70,,,94.1,65,"1,342",71.0,953,,63.5,65,41.3,,203,,58.9,2.4,,0.66,4.1,,,93.8,,252,955,,,"1,570",,215,384,124,39.4,40.1,7.5,,319,"1,129",70,791,,1.2,58.0,59.3,70,41.5,,38.0,38.0,70,26.6,,,,,,,97.3,70,68.1,,61.6,30.2,,,6.6,0.51,3.1,,,8.3,80.7,70,56.5
1928,,,,,21.0,50,,,,,,,,,0.06,72.5,,,,,479,72.5,96.0,72.5,9.4,72.5,,,,,13.2,70,1.0,70,312,72.5,152,70,51.8,72.5,,,,,348,65,"1,484",70.1,"1,041",,86.9,65,56.5,,191,,8.1,1.9,,18.4,,4.3,,82.2,0.82,157,843,,,"1,306",,199,418,196,33.1,44.7,,0.97,140,"1,031",70,722,,,55.4,55.4,70,38.8,,36.0,36.0,70,25.2,,,,,,,91.5,70,64.0,,49.8,19.2,,,3.7,0.25,,,,7.4,61.1,70,42.8
1929,,,,,3.6,50,,,,,,,,,0.99,72.5,,,,,357,72.5,119,72.5,10.2,72.5,,,,,12.7,70,,,186,72.5,172,70,41.6,72.5,,,,,424,65,"1,327",69.7,925,,25.7,65,16.7,,99.6,,16.3,3.8,,44.0,,,2.3,14.8,,90.6,341,,,612,,150,432,220,10.1,41.3,4.6,,145,"1,003",70,702,,0.92,38.0,38.9,70,27.2,,18.1,18.1,70,12.7,,,,,,,57.1,70,39.9,,43.2,4.7,,,4.0,1.5,,,,7.1,35.6,70,24.9
1930,,,,,,,,,0.15,70,5.0,65,1.5,70,0.05,72.5,,,0.80,65,294,72.5,43.2,72.5,6.9,72.5,,,,,8.6,70,,,144,72.5,189,70,28.2,72.5,0.51,70,,,50.0,65,772,71.3,551,,,,,,46.7,,15.2,,,,,,,13.5,,98.3,350,,,524,,83.7,277,134,5.4,26.2,2.0,,85.0,613,70,429,,,0.66,0.66,70,0.46,,,12.0,70,8.4,,,0.61,70,0.43,Yilgarn,13.3,70,9.3,,23.4,0.5,,,0.41,,1.2,,,5.5,35.0,70,24.5
1931,,,,,11.0,50,,,0.05,70,,,,,1.9,72.5,,,0.58,65,308,72.5,22.1,72.5,33.5,72.5,,,,,1.6,70,,,179,72.5,139,70,47.2,72.5,0.76,70,,,261,65,"1,005",70.0,703,,5.8,65,3.8,,144,,15.2,,,,,,,,14.8,97.0,332,,,603,,43.7,153,180,6.0,19.7,3.9,,78.9,486,70,340,,,,,,,,,6.4,70,4.5,,,,,,,6.4,70,4.5,,21.1,,,,11.5,,1.2,,,0.20,27.3,70,19.1
1932,,,,,11.7,50,,,0.46,70,,,,,0.18,72.5,0.28,72.5,,,352,72.5,48.8,72.5,7.6,72.5,,,,,3.3,70,,,212,72.5,144,70,38.6,72.5,,,,,138,65,957,70.8,677,,23.9,65,15.5,,289,,15.2,,,,,,1.8,19.7,65.0,29.3,261,,,681,,125,220,205,42.6,23.7,2.4,,102,720,70,504,,8.4,,8.4,70,5.9,,,7,70,5.0,,,,,,,15.5,70,10.8,,11.4,,,,7.2,,2.0,,,5.8,24.9,70,17.4
1933,,,,,,,15.2,70,,,,,,,,,1.5,72.5,,,538,72.5,157,72.5,4.6,72.5,,,,,39.6,70,,,265,72.5,235,70,32.0,72.5,,,,,198,65,"1,487",71.0,"1,056",,9.9,65,6.4,,244,,15.2,,,,,,1.8,29.3,177,57.3,393,,,917,,138,303,211,73.7,26.7,2.3,,115,869,70,609,,,3.1,3.1,70,2.2,,,3.0,70,2.1,,,,,,,6.1,70,4.3,,10.1,,,,8.8,,,,,6.4,67.7,70,47.4
1934,2.5,70,,,7.6,48,13.2,70,2.0,70,,,,,0.56,72.5,1.8,72.5,,,559,72.5,174,72.5,10.9,72.5,,,,,41.4,70,,,246,72.5,186,70,45.7,72.5,,,,,290,65,"1,579",70.6,"1,115",,22.9,65,14.9,,224,,11.2,,,,,6.9,4.4,50.2,152,96.9,343,,,888,,156,414,280,40.2,20.3,3.6,,159,"1,073",70,751,,1.6,,1.6,70,1.1,,,11.7,70,8.2,,,,,,,13.2,70,9.3,,47.1,,,9.2,6.9,,,,,3.9,40.4,70,28.2
1935,6.1,70,,,5.8,50,3.0,70,,,,,,,0.25,72.5,1.3,72.5,,,431,72.5,202,72.5,9.9,72.5,,,0.97,70,25.4,70,,,261,72.5,192,70,18.8,72.5,8.1,70,,,273,65,"1,439",70.6,"1,015",,20.3,65,13.2,,230,0.2,27.2,,,,5.1,72.6,,59.1,225,276,412,,,"1,306",,212,555,259,2.3,13.6,2.8,,163,"1,208",70,846,,,17.6,17.6,70,12.3,,0.56,1,70,0.7,,,,,,,18.6,70,13.0,,31.1,,,,0.30,,,,,9.0,29.7,70,20.8
1936,0.19,70,,,3.1,50,1.4,70,0.32,70,,,,,0.15,72.5,16.5,72.5,,,412,72.5,179,72.5,17.3,72.5,,,0.30,70,78.2,70,,,270,72.5,262,70,17.3,72.5,,,0.02,70,227,65,"1,485",70.7,"1,050",,86.9,65,56.5,,167,,37.6,4.6,,43.2,,22.0,,45.9,207,53.0,428,,,"1,008",,183,414,275,64.8,12.9,4.0,,172,"1,126",70,788,,,22.2,22.2,70,15.5,,4.7,5,70,3.6,,,,,,,27.3,70,19.1,,22.5,2.5,,,0.63,,,,2.8,,46.9,70,32.8
1937,0.53,70,,,,,9.1,70,0.22,70,,,,,1.27,72.5,19.7,72.5,0.55,65,583,72.5,134,72.5,17.8,72.5,,,0.30,70,68.6,70,0.56,70,247,72.5,243,70,25.4,72.5,,,0.05,70,156,65,"1,507",71.2,"1,073",,221,65,144,,108,,34.5,23.4,,21.3,1.0,31.7,,18.1,164,140,539,,,"1,081",,173,380,289,45.3,52.5,,,251,"1,189",70,832,,27.5,17.9,52.1,70,36.5,,2.7,3,70,2.1,,,,,,,55.1,70,38.6,,22.8,1.5,,,,,,,18.8,3.8,18.4,70,12.9
1938,16.3,70,,,,,,,,,0.14,65,,,2.3,72.5,48.8,72.5,1.0,65,625,72.5,132,72.5,4.8,72.5,,,,,65.3,70,,,246,72.5,245,70,102,72.5,,,,,209,65,"1,698",71.1,"1,207",,172,65,112,,104,,16.3,52.0,,17.1,1.0,33.9,,21.4,183,,767,,,"1,195",,121,329,282,27.9,51.6,3.9,,206,"1,021",70,715,,41.9,10.8,52.7,70,36.9,,0.61,1,70,0.71,,,,,,,53.7,70,37.6,,12.7,,,,,,,,5.8,3.8,26.7,70,18.7
1939,148,70,,,,,1.1,70,0.30,70,,,,,0.30,72.5,86.5,72.5,,,652,72.5,153,72.5,3.5,72.5,,,0.14,70,53.5,70,,,308,72.5,301,70,50.3,72.5,,,,,184,65,"1,941",71.1,"1,381",,251,65,163,,116,,7.1,3.4,,59.6,2.0,24.7,,35.3,239,28.4,717,,,"1,232",,127,346,417,33.9,57.1,7.1,,270,"1,258",70,881,,11.0,,11.0,70,7.7,,,,,,,,,,,,11.0,70,7.7,,21.9,0.17,,0.23,,,,,4.3,0.39,26.7,70,18.7
1940,335,70,,,,,5.0,70,,,,,,,0.05,72.5,82.0,72.5,0.30,65,486,72.5,88.7,72.5,6.2,72.5,,,,,58.2,70,,,294,72.5,203,70,124,72.5,,,,,123,65,"1,804",71.2,"1,284",,161,65,104,,108,,6.1,70.7,,5.5,,24.6,,34.0,323,17.5,693,,,"1,282",,168,293,473,40.3,58.3,4.1,,256,"1,292",70,905,,33.4,0.66,34.1,70,23.9,,3.0,3.0,70,2.1,,,,,,,37.1,70,26.0,,11.1,0.10,,,0.20,0.10,,1.6,1.6,12.7,28.5,70,19.9
1941,689,70,,,,,5.0,70,,,0.21,65,,,0.05,72.5,64.8,72.5,0.30,65,491,72.5,74.1,72.5,3.0,72.5,,,,,52.8,70,,,295,72.5,169,70,97.4,72.5,,,,,108,65,"2,049",71.0,"1,454",,91.4,65,59.4,,79.2,,4.1,123.6,,7.5,,26.5,,45.1,257,22.1,661,,,"1,226",,178,203,413,23.5,37.6,4.5,,243,"1,102",70,772,,4.2,0.97,5.2,70,3.6,,6.0,6.0,70,4.2,,,,,,,11.1,70,7.8,,18.2,0.04,0.19,,0.14,0.22,,1.1,,2.7,24.3,70,17.0
1942,628,70,,,,,,,,,,,,,0.05,72.5,46.3,72.5,0.30,65,406,72.5,72.2,72.5,1.0,72.5,,,,,69.8,70,,,113,72.5,137,70,44.6,72.5,,,,,36.9,65,"1,555",71.0,"1,104",,84.3,65,54.8,,58.9,,9.1,88.7,,7.8,,14.7,,26.9,283,34.0,605,,,"1,128",,148,209,194,22.8,24.8,0.71,,159,758,70,530,,9.4,3.5,12.9,70,9.0,,10.9,10.9,70,7.6,,,,,,,23.8,70,16.6,,23.9,,,,,,,,,8.8,39.2,70,27.4
1943,533,70,,,,,,,,,,,,,0.05,72.5,41.7,72.5,0.30,65,529,72.5,57.1,72.5,1.6,72.5,,,,,52.6,70,,,141,72.5,138,70,80.4,72.5,,,,,103,65,"1,677",71.0,"1,190",,61.0,65,39.6,,48.8,,3.0,68.7,,5.4,,,,37.5,242,79.7,432,,,917,,73.3,189,399,28.5,19.4,,,88.7,798,70,558,,5.8,0.18,3.4,70,2.4,,4.7,4.7,70,3.3,,0.75,0.75,70,0.53,Kimberley+East Murchison,8.9,70,6.2,,19.8,,,,,0.36,,,0.57,5.6,8.9,70,6.2
1944,402,70,,,,,,,,,,,,,0.05,72.5,29.8,72.5,0.30,65,630,72.5,64.1,72.5,0.44,72.5,,,,,35.0,70,,,151,72.5,154,70,52.1,72.5,,,,,42.9,65,"1,561",71.3,"1,114",,55.9,65,36.3,,79.2,,5.1,73.6,,3.6,,1.2,,28.6,242,39.6,295,,,767,,63.9,139,963,13.6,12.2,,,60.2,"1,252",70,876,,0.91,,0.91,70,0.64,10.0,,10.0,70,7.0,0.31,,0.31,70,0.22,Coolgardie,11.3,70,7.9,,3.8,,,,,0.21,,,,0.11,21.4,70,15.0
1945,356,70,,,,,,,,,,,,,0.05,72.5,26.8,72.5,0.30,65,328,72.5,56.9,72.5,3.1,72.5,,,,,32.5,70,,,163,72.5,73.1,70,49.3,72.5,,,,,7.5,65,"1,096",71.4,782,,42.7,65,27.7,,44.7,,3.0,77.4,,0.81,1.0,5.9,,14.1,249,41.2,347,,,784,,38.9,85.0,745,15.7,9.8,,,50.4,945,70,662,,8.2,2.7,10.9,70,7.6,,11.0,11.0,70,7.7,,,,,,,21.9,70,15.3,,8.7,0.21,,,,,,11.0,0.22,0.6,18.4,70,12.9
1946,232,70,,,,,,,,,,,,,0.15,72.5,23.0,72.5,,,309,72.5,41.9,72.5,8.6,72.5,,,,,39.6,70,,,110,72.5,78.1,70,52.4,72.5,,,,,17.3,65,913,71.4,652,,65.0,65,42.3,,28.4,,2.0,85.3,,,2.0,,,16.4,228,26.6,295,,,684,,34.6,109,771,14.4,10.0,,,53.2,993,70,695,,,14.8,14.8,70,10.3,,14.2,14.2,70,9.9,,,,,,,29.0,70,20.3,,12.7,0.29,0.24,,,,,9.2,0.17,2.0,19.0,70,13.3
1947,151,70,,,,,,,,,,,,,0.19,72.5,17.3,72.5,0.14,65,272,72.5,41.1,72.5,3.3,72.5,,,,,40.6,70,,,140,72.5,86.9,70,27.3,72.5,,,,,24.4,65,805,71.4,575,,88.4,65,57.5,,14.2,,,61.4,,,,,,32.0,347,30.6,285,,,770,,27.3,173,"1,131",0.5,11.3,,0.41,74.6,"1,418",70,992,,,5.8,5.8,70,4.1,,18.2,18.2,70,12.7,,,,,,,24.0,70,16.8,,12.5,0.07,,,0.03,,,6.3,0.66,0.75,23.7,70,16.6
1948,124,70,,,,,,,,,,,,,0.81,72.5,8.4,72.5,0.19,65,261,72.5,29.6,72.5,2.9,72.5,,,,,39.6,70,,,93.5,72.5,93.2,70,33.8,72.5,,,,,13.2,65,700,71.4,500,,54.9,65,35.7,,,,0.25,57.9,,,0.25,,,20.8,344,18.8,335,,,777,,24.8,184,376,1.4,8.5,,,98.4,694,70,485,,,2.0,2.0,70,1.4,,35.5,35.5,70,24.9,,,,,,,37.6,70,26.3,,18.5,,0.30,,,0.10,,8.7,0.71,5.3,27.3,70,19.1
1949,93.8,70,,,,,,,,,0.91,65,,,5.9,72.5,5.9,72.5,,,198,72.5,56.2,72.5,7.9,72.5,,,,,31.5,70,,,76.8,72.5,98.2,70,13.8,72.5,,,0.03,70,13.0,65,602,71.4,430,,49.8,65,32.4,,,,,61.5,,0.43,,,,9.6,291,17.1,249,,,629,,33.7,177,761,8.7,11.5,0.19,,76.4,"1,068",70,748,,,3.0,3.0,70,2.1,,32.0,32.0,70,22.4,,,,,,,35.1,70,24.6,,18.5,0.18,0.05,,,0.25,,2.1,0.04,6.7,17.2,70,12.0
1950,104,72.2,,,,,0.05,70,,,0.81,62.5,,,4.6,76.0,4.8,70.2,,,290,72.5,41.7,73.2,2.6,73.1,,,,,34.1,75.6,,,81.9,73.6,88.6,68.3,14.7,74.5,,,0.05,75.0,11.1,62.4,679,72.1,490,,40.6,65,26.4,,42.7,,,47.1,,2.7,0.25,,,7.8,327,14.4,274,,,716,,47.5,151,553,11.8,8.3,,,98.7,871,70,610,,,30.8,30.8,70,21.6,,21.4,21.4,70,15.0,,,,,,,52.2,70,36.6,,23.4,,,,,0.51,,0.71,,13.2,23.7,70,16.6
1951,83.5,71.2,,,,,,,,,,,,,0.91,77.8,3.9,71.1,0.05,65,286,73.5,25.8,78.0,2.6,69.2,,,,,21.6,75.6,,,91.0,73.7,32.3,67.9,19.9,69.9,,,0.05,70,8.0,60.8,575,72.8,419,,50.8,65,33.0,,12.2,,0.25,46.8,,6.1,,,,8.5,345,12.6,267,,,698,,21.3,105,277,4.7,10.8,,,76.4,495,70,347,,,,22.8,70,16.0,,,39.0,70,27.3,,,0.33,27.27,0.09,Kimberley+West Kimberley,62.1,69.8,43.3,,28.7,0.30,,,,0.09,,,0.25,8.2,22.6,70,15.8
1952,64.1,70.2,,,,,,,,,,,,,,,2.4,70.2,1.0,45,279,73.0,41.9,72.6,0.20,72.5,,,,,17.1,73.8,,,81.5,71.9,48.3,68.8,6.1,73.3,,,0.10,70,11.1,59.6,553,71.8,397,,52.8,65,34.3,,16.3,,,56.3,,4.7,0.25,,,9.6,390,9.2,279,,,765,,20.3,117,236,20.3,3.6,,,82.5,479,70,335,,,,36.5,63.7,23.2,,,62.7,68.7,43.1,,,0.21,71.4,0.15,Kimberley+West Kimberley,99.4,66.9,66.5,,12.8,1.4,0.61,,,0.84,1.1,,,0.73,8.9,70,6.2
1953,78.8,71.6,,,,,,,,,,,,,1.1,72.5,7.8,74.0,1.7,47.1,239,73.3,14.4,72.5,,,,,,,10.0,73.5,,,48.7,72.0,38.5,71.0,16.0,72.6,,,,,24.1,57.4,480,71.8,345,,44.7,65,29.1,,32.5,,0.25,70.9,,2.3,0.25,,,9.8,414,8.4,241,,,779,,33.0,135,125,12.1,10.7,,,102,418,70,293,,,,42.1,65.7,27.6,,,72.7,68.4,49.7,,,0.30,63.3,0.19,East Murchison,115,67.4,77.5,,26.8,,7.5,,,,2.0,,,4.2,26.1,70,18.3
1954,97.5,71.3,,,,,,,,,,,,,,,11.3,73.9,,,150,74.1,2.1,76.2,,,,,,,2.8,71.4,,,25.9,72.2,29.5,70.7,150,74.1,,,,,52.6,68.5,522,72.7,379,,35.6,65,23.1,,26.4,,,64.7,,1.4,0.25,,,15.2,549,12.5,269,,,939,,16.6,166,697,53.6,11.6,,,106,"1,051",70,735,,,,43.5,66.2,28.8,,,79.7,65.3,52.1,,,,,,,123,65.7,80.9,,15.2,,,,,,12.7,,0.48,0.84,21.4,70,15.0
1955,75.5,71.7,,,,,,,,,,,,,,,1.9,75.0,0.01,50,177,72.7,4.1,75.0,,,,,,,1.3,61.5,,,56.5,71.4,18.1,68.5,0.30,66.7,,,,,48.6,65.7,383,71.2,273,,3.0,65,2.0,,18.3,,,41.4,,1.3,13.2,,,18.6,462,23.6,260,,,838,,4.9,153,803,11.0,8.2,,,127,"1,107",70,775,,,,121.5,64.9,78.9,,,61.0,69.4,42.3,,,0.13,69.2,0.09,West Kimberley,183,66.4,121,,,,,,,,4.8,,,1.1,3.0,70,2.1
1956,46.8,70.5,,,,,,,,,0.02,50,,,0.001,72.5,1.1,72.3,1.1,54.5,183,73.0,3.7,73.1,,,,,,,4.1,67.7,,,64.0,73.3,13.0,70.3,,,,,,,61.9,70.0,379,72.0,273,,,,,,,,20.3,85.8,,2.6,20.3,,,13.1,568,66.7,222,,,999,,8.2,123,683,8.1,15.0,,,60.3,897,70,628,,,,133.3,63.8,85.1,,,231,69.0,159.2,,,0.06,83.3,0.05,Murchison,364,67.1,244,,,,,,,,,0.2,,0.2,1.2,70,0.8
1957,31.8,70.4,,,,,,,,,,,,,,,0.16,67.7,0.81,42.1,141,74.0,6.0,71.2,,,,,,,1.8,67.5,,,41.2,62.7,13.5,67.4,15.3,76.2,,,,,50.8,69.7,302,71.0,214,,0.51,65,0.33,,,,14.2,76.5,,3.8,,,,13.2,429,21.3,226,,,784,,5.2,140,833,10.0,4.5,,,180,"1,173",70,821,,,,49.9,69.2,34.5,,,225,67.0,150.6,,,,,,,275,67.4,185,,,,,,,,,,,17.3,10.1,70,7.1
1958,30.6,69.2,,,,,,,,,,,,,,,1.0,70.6,1.4,65.5,177,73.6,4.8,71.4,,,,,,,1.9,70.7,,,31.3,71.3,26.4,68.9,8.2,76.3,,,0.19,73.7,56.2,68.2,339,71.7,243,,,,,,,,8.1,82,,4.1,,,,21.4,503,25.3,249,,,893,,9.7,157,"1,079",121,7.1,,,72.0,"1,447",70,"1,013",,,,14.5,56.8,8.2,,,126,68.9,86.8,,,,,,,140,67.7,95.0,,3.0,,,,,,,,,0.2,1.8,70,1.2
1959,10.2,69.6,,,,,,,,,,,,,0.54,68.5,2.4,73.5,,,166,72.8,4.5,74.6,,,,,,,1.8,68.0,,,20.3,72.4,5.7,72.7,19.1,75.7,,,0.08,67.1,13.4,63.7,244,72.3,176,,,,,,,,8.1,88,,7.1,,,,27.3,559,29.6,182,,,901,,16.4,140,"1,184",156,6.5,,,69.2,"1,571",70,"1,100",,,,23.3,65.6,15.3,,,230,70.2,162,,,,,,,254,69.8,177,,,14.2,,,,,,,,1.0,8.3,70,5.8
1960,12.7,69.9,,,,,,,,,,,,,,,0.07,73.9,0.06,48.3,128,74.8,9.0,71.5,,,,,,,0.49,69.3,,,34.5,70.0,35.3,70.5,24.9,74.7,,,,,67.0,70.7,312,72.6,226,,,,,,,,5.1,85,,4.1,,,,29,557,12.2,202,,,895,,7.5,103,943,108,14.4,,,80.3,"1,256",70,879,,,,20.5,62.3,12.8,,,265,67.9,180,,,,,,,285,67.5,193,,,40.6,,,,,,,,2.0,20.2,70,14.1
1961,17.3,68.0,,,,,,,,,,,,,,,0.13,71.0,0.38,67.8,111,73.6,10.2,75.2,,,,,,,0.80,44.2,,,19.4,73.3,36.1,72.5,15.3,74.2,,,0.03,69.0,31.6,70.8,242,72.6,176,,,,,,,,6.1,174,,3.0,,,,10,464,137,213,,,"1,008",,12.1,145,"1,520",135,15.5,,,88.6,"1,916",70,"1,341",,,,19.6,60.8,11.9,,,326,68.3,223,,,,,,,346,67.9,235,,,13.2,,,,,,,,1.0,5.3,70,3.7
1962,12.6,67.9,,,,,,,,,,,,,,,,,,,136,73.1,14.3,73.3,,,,,,,0.74,71.5,,,13.7,74.9,32.5,72.8,36.5,73.7,,,,,51.8,69.2,298,72.3,215,,11.2,65,7.3,,,,8.1,242,,4.1,,,,53,571,265,381,,,"1,524",,71.3,184,"1,008",173,18.9,,,72.9,"1,529",70,"1,070",,,,23.2,59.7,13.8,,,450,70.0,315,,,,,,,473,69.5,329,,4.1,54.9,,,,,,,,3.0,38.0,70,26.6
1963,26.3,68.4,,,,,,,,,0.03,42.4,,,,,45.5,69.2,,,137,72.8,25.9,71.9,,,,,,,3.8,70.8,,,13.3,71.2,26.8,71.8,22.8,73.1,,,0.14,73.1,56.1,67.4,358,70.9,254,,15.2,65,9.9,,,,17.3,231,,130,,,,99,488,234,255,,,"1,453",,60.0,201,"1,080",208,18.4,,,80.5,"1,648",70,"1,154",,,,47.6,61.1,29.1,,,538,68.5,369,,,0.13,69.2,0.09,Murchison,585,67.9,398,,1.0,55.9,,,,,,,,6.1,33.2,70,23.3
1964,38.5,68.2,,,,,,,,,0.03,75.8,,,,,328,71.2,0.06,36.5,220,71.3,13.8,73.7,,,,,,,3.0,71.6,,,47.8,71.1,21.4,67.4,3.1,74.4,,,,,377,53.5,"1,052",64.7,681,,"2,054",65,"1,335",,,,14.2,305,,171,,,,94,429,225,218,,,"1,455",,58.3,142,"1,618",216,13.1,,,64.5,"2,112",70,"1,478",,,,58.2,66.2,38.5,,,588,70.5,414,,,1.0,66.7,0.67,West Kimberley+Coolgardie,647,70.1,454,,0.2,46.7,,,,,,,,0.2,27.3,70,19.1
1965,16.4,68.4,,,,,,,,,,,,,,,422,73.9,0.02,40.0,232,71.8,10.6,72.0,,,,,,,1.9,71.1,,,49.4,71.1,2.9,73.7,1.2,72.5,,,0.12,70.5,"1,626",37.2,"2,362",48.3,"1,142",,11.3,65,7.3,,,,8.4,339,,3.5,,,,66,443,0.62,183,,,"1,044",,19.1,196,"1,240",125,18.2,,,97.4,"1,695",70,"1,187",,,,30.2,72.2,21.8,,,656,69.2,454,,,0.21,57.1,0.12,Coolgardie+Yalgoo,686,69.3,476,,,,,,,,,,,,28.5,70,19.9
1966,35.7,67.7,,,,,,,,,,,,,,,388,76.5,,,396,73.9,,,,,,,,,3.6,70.7,,,67.2,68.1,129,69.4,12.8,72.0,,,,,"1,635",39.2,"2,667",52.6,"1,402",,26.9,65,17.5,,,,12.5,391,,6.8,,,,70,409,3.0,147,,,"1,040",,83.6,260,"1,676",80.8,96.0,,,78.1,"2,275",70,"1,593",,,,21.9,70.7,15.5,,,573,68.5,392,,,3.9,62.7,2.4,Murchison+Dundas,598,68.6,410,,,,,,,,,,,,27.9,70,19.5
1967,29.5,67.2,,,,,,,,,,,,,0.43,93.2,445,73.7,0.05,47.1,435,72.6,24.1,25.4,,,,,0.27,41.8,0.75,68.1,,,68.2,68.9,206,72.4,28.6,72.4,,,,,"1,475",47.9,"2,712",58.8,"1,594",,48.3,65,31.4,,,,4.5,832,,2.6,,,,66,437,1.9,209,,,"1,553",,69.6,270,"1,579",30.4,233,,,167,"2,349",70,"1,644",,,,114,68.3,77.7,,,"1,141",70.0,799,,,3.2,64.3,2.1,Dundas,"1,259",69.8,878,,,,,,,,,,,,62.3,70,43.6
1968,282,74.1,,,,,,,,,2.2,74.9,,,,,382,72.2,0.02,56.3,280,73.5,97.2,71.0,,,,,,,2.3,71.1,,,47.6,73.2,,,17.9,74.4,,,,,"1,401",47.1,"2,512",58.6,"1,471",,93.5,65,60.8,,,694,13.6,"1,772",,16.7,,,,51,398,3.8,172,,,"3,121",,21.1,308,"1,064",17.0,88.7,,,107,"1,606",70,"1,124",,,,334,68.2,228,,,"1,253",49.0,614,,,0.28,64.3,0.18,Dundas+Murchison,"1,588",53.0,842,,,,,,,,,,,,26.7,70,18.7
1969,,,,,,,,,,,,,,,,,,,,,,,,,,,,,,,,,,,,,,,,,,,,,"1,439",47.8,"1,220",59.2,722,,16.0,65,10.4,,,"1,372",13.6,"2,683",4.1,12.5,,,,39,408,2.1,157,,,"4,691",,32.3,368,"1,052",15.0,60.2,,,97.8,"1,626",70,"1,138",,,,358,66.3,237,,,449,52.2,234,,,0.23,69.6,0.16,Murchison,807,58.4,472,,,,,,,,,,,,29.1,70,20.4
1970,,,,,,,,,,,,,,,,,,,,,,,,,,,,,,,,,,,,,,,,,,,,,"1,686",48.5,"2,936",58.4,"1,714",,6.0,65,3.9,,,"1,861",14.3,"2,743",3.9,26.1,,,,29,408,0.53,173,,,"5,260",,24.0,117,"1,323",6.4,41.9,,,185,"1,698",70,"1,189",,,,408,69.1,282,,,363,68.0,247,,,,,,,771,68.6,529,,,,,,,,,,,,55.8,70,39.1
1971,,,,,,,,,,,,,,,,,,,,,,,,,,,,,,,,,,,,,,,,,,,,,"1,713",47.8,"3,136",59.0,"1,850",,5.2,65,3.4,,,"1,658",16.5,"3,848",1.5,10.6,,,,20,334,0.37,122,,,"6,011",,26.3,126,"1,155",32.5,147,,,180,"1,667",70,"1,167",,,,339,68.0,230,,,523,71.5,374,,,,,,,862,70.1,604,,,,,,,,,,,,48.1,70,33.6
1972,,,,,,,,,,,,,,,,,,,,,,,,,,,,,,,,,,,,,,,,,,,,,"2,268",47.0,"4,166",59.0,"2,460",,0.16,65,0.10,,,"2,169",11.1,"4,139",0.80,6.9,,,,31,243,0.57,131,,,"6,732",,23.1,344,"1,072",86.0,207,,,85.0,"1,816",70,"1,271",,,,"1,504",70.3,"1,058",,,533,70.3,375,,,,,,,"2,037",70.3,"1,433",,,,,,,,,,,,13.1,70,9.1
1973,,,,,,,,,,,,,,,,,,,,,,,,,,,,,,,,,,,,,,,,,,,,,"3,424",48.3,"5,265",56.9,"2,998",,0.10,65,0.064,,,"1,675",114,"3,573",0.089,2.3,,,,25,190,0.27,127,,,"5,708",,18.7,678,"1,295",236,462,,,,"2,690",70,"1,883",,,,879,71.7,630,,,337,70.6,238,,,,,,,"1,216",71.4,868,,,,,,,,,,,,9.5,70,6.6
1974,,,,,,,,,,,,,,,,,,,,,,,,,,,,,,,,,,,,,,,,,,,,,"3,083",46.6,"4,157",53.7,"2,234",,,,,,,"1,595",70.4,"3,878",,0.28,,,,42,168,1.2,87.0,,,"5,842",,43.3,947,"1,067",58.2,187,,,52.9,"2,356",70,"1,649",,,,750,68.8,516,,,131,71.0,92.8,,,,,,,880,69.2,609,,,,,,,,,,,,1.8,70,1.2
1975,,,,,,,,,,,,,,,,,,,,,,,,,,,,,,,,,,,,,,,,,,,,,"2,936",44.7,"3,475",53.4,"1,854",,0.046,65,0.030,,,"1,409",266,"3,548",14,0.80,,,,43,138,0.43,98.9,,,"5,518",,25.6,837,"1,281",217,150,,,72.3,"2,583",70,"1,808",,,,624,69.0,431,,,343,66.0,226,,,,,,,967,67.9,657,,,,,,,,,,,,20.2,70,14.1
1976,,,,,,,,,,,,,,,,,,,,,,,,,,,,,,,,,,,,,,,,,,,,,"2,265",45.0,"2,787",52.5,"1,464",,2.9,72,2.1,,,"1,644",110,"4,526",75,1.3,,,,11,117,0.33,82.9,,,"6,567",,29.6,632,"1,175",373,168,,,11.0,"2,389",70,"1,672",,,,563,72.3,407,,,39,71.8,28,,,,,,,602,72.3,435,,,,,,,,,,,,18.4,70,12.9
1977,,,,,,,,,,,,,,,,,,,,,,,,,,,,,,,,,,,,,,,,,,,,,"2,362",47.0,"2,700",52.3,"1,413",,2.1,65,1.4,,,"1,465",13,"4,872",63.5,3.1,,,,12,127,0.23,85.8,,,"6,641",,22.3,705,"1,187",445,154,,,339,"2,852",70,"1,996",,,,480,72.5,348,,,156,71.8,112,,,,,,,636,72.3,460,,,,,,,,,,,,20.8,70,14.5
1978,,,,,,,,,,,,,,,,,,,,,,,,,,,,,,,,,,,,,,,,,,,,,"3,500",49.0,"4,059",54.4,"2,209",,1.8,65,1.2,,,"1,242",0.17,"5,761",12.8,11.4,,,,8,105,0.79,114,,,"7,256",,36.6,429,"1,246",390,471,,,220,"2,793",67.5,"1,885",,,,565,72.3,409,,,127,69.8,88.6,,,,,,,692,71.8,497,,,,,,,,,,,,8.3,70,5.8
1979,,,,,,,,,,,,,,,,,,,,,,,,,,,,,,,,,,,,,,,,,,,,,"3,818",51.5,"4,639",55.8,"2,588",,0.50,65,0.32,,,"1,106",0.24,"5,337",,28.3,,,,6,109,1.5,144,,,"6,731",,43.7,996,"1,067",322,736,,,534,"3,698",65,"2,404",,,,534,72.4,386,,,161,63.9,103,,,,,,,695,70.4,489,,,,,,,,,,,,60.5,70,42.4
1980,,,,,,,,,,,,,,,,,,,,,,,,,,,,,,,,,,,,,,,,,,,,,"3,297",52.0,"4,390",54.7,"2,402",,,,,,,774.6,0.16,"2,540",,11.3,,,,,80,0.5,67,,,"3,474",,52.1,882,"1,623",294,989,,,764,"4,603",62.5,"2,877",,,,420,71.4,300,,,138,69.3,95.7,,,,,,,558,70.9,396,,,,,,,,,,,,22.0,70,15.4
1981,,,,,,,,,,,,,,,,,,,,,,,,,,,,,,,,,,,,,,,,,,,,,"2,751",52.0,"3,728",55.1,"2,053",,,,,,,"1,122",0.30,"5,546",,33.1,,,,,149,4.5,103,,,"6,957",,71.7,490,"1,594",250,"1,233",,,580,"4,219",60,"2,531",,,,599,72.1,432,,,322,63.7,205,,,,,,,922,69.2,638,,,,,,,,,,,,76.0,70,53.2
1982,,,,,,,,,,,,,,,,,,,,,,,,,,,,,,,,,,,,,,,,,,,,,"2,524",52.0,"3,169",52.1,"1,652",,,,,,,"1,302",0.18,"5,152",,53.7,,,,,113,1.5,83,,,"6,705",,56.3,,,,,,,,"4,008",57.5,"2,305",,,,551,69.7,384,,,170,71.7,122,,,,,,,720,70.2,505,,,,,,,,,,,,32.0,70,22.4
1983,,,,,,,,,,,,,,,,,,,,,,,,,,,,,,,,,,,,,,,,,,,,,"2,036",52.0,"3,214",49.0,"1,576",,,,,,,"1,319",0.14,"5,078",,32.2,,,,,,0.64,34,,,"6,464",,41,,,,,,,,"3,797",56.1,"2,130",,,,492,70.0,344,,,283,72.4,205,,,,,,,775,70.9,549,,,,,,,,,,,,48.1,70,33.6
1984,,,,,,,,,,,,,,,,,,,,,,,,,,,,,,,,,,,,,,,,,,,,,"2,063",52.0,"2,832",49.0,"1,388",,,,,,,955,0.12,"3,822",,28.0,,,,,,0.55,29,,,"4,835",,39,,,,,,,,"3,411",51.1,"1,744",,,,560,70.0,392,,,160,71.0,113,,,,,,,720,70.2,505,,,,,,,,,,,,78.9,70,55.3
1985,,,,,,,,,,,,,,,,,,,,,,,,,,,,,,,,,,,,,,,,,,,,,"1,441",52.0,"2,430",53.7,"1,306",,,,,,,516,0.10,"2,892",,24.1,,,,,,0.48,25,,,"3,458",,48,,,,,,,,"3,448",56.9,"1,961",,,,436,70.0,305,,,22.1,71.4,15.8,,,,,,,458,70.1,321,,,,,,,,,,,,57.0,70,39.9
1986,,,,,,,,,,,,,,,,,,,,,,,,,,,,,,,,,,,,,,,,,,,,,"1,031",52.0,"2,479",51.6,"1,280",,,,,,,666,0.14,"3,646",,34.3,,,,,,0.68,36,,,"4,383",,35,,,,,,,,"2,303",53.3,"1,227",,,,710,70.0,497,,,32.1,73.6,23.6,,,,,,,742,70.2,520,,,,,,,,,,,,55.8,70,39.1
1987,,,,,,,,,,,,,,,,,,,,,,,,,,,,,,,,,,,,,,,,,,,,,,,486,51.2,249,,,,,,,,0.07,"6,832",,15.4,,,,,,0.31,16,,,"6,864",,31,,,,,,,,"1,268",55.0,698,,,,614,70.0,430,,,33.9,72.0,24.4,,,,,,,647,70.1,454,,,,,,,,,,,,59.3,70,41.5
1988,,,,,,,,,,,,,,,,,,,,,,,,,,,,,,,,,,,,,,,,,,,,,,,8,37.5,3,,,,,,,,,"6,222",,,,,,,,,,,,"6,222",,13,,,,,,,,630,52.4,330,,,,375,69.9,262,,,,,,,,,,,,375,69.9,262,,,,,,,,,,,,38.0,70,26.6
1989,,,,,,,,,,,,,,,,,,,,,,,,,,,,,,,,,,,,,,,,,,,,,,,,,,,,,,,,,,"6,940",,,,,,,,,,,,"6,940",,,,,,,,,,251,66.1,166,,,,325,69.1,225,,,6.9,72.1,5.0,,,,,,,332,69.2,230,,,,,,,,,,,,29.7,70,20.8
1990,,,,,,,,,,,,,,,,,,,,,,,,,,,,,,,,,,,,,,,,,,,,,,,,,,,,,,,,,,"7,831",,,,132,,,,,,,,"7,963",,,,,,,,,,103,60,62,,,,208,68.6,143,,,4,60.3,2.4,,,,,,,212,68.5,145,,,,,,,,,,,,27.9,70,19.5
1991,,,,,,,,,,,,,,,,,,,,,,,,,,,,,,,,,,,,,,,,,,,,,,,,,,,,,,,,,,"5,120",,,,437,,,,,,,,"5,557",,,,,,,,,,93,60,56,,,,272,67.6,184,,,1.4,72.3,1,,,,,,,273,67.7,185,,,,,,,,,,,,,,
1992,,,,,,,,,,,,,,,,,,,,,,,,,,,,,,,,,,,,,,,,,,,,,,,,,,,,,,,,,,"6,007",,,,110.1,,,,,,,,"6,117",,,,,,,,,,87,60,52,,,,284,68.3,194,,,5.8,69.5,4,,,,,,,290,68.3,198,,,,,,,,,,,,,,
1993,,,,,,,,,,,,,,,,,,,,,,,,,,,,,,,,,,,,,,,,,,,,,,,19,68.4,13,,,,,,,,,"7,732",,,,,,,,,,,,"7,732",,,,,,,,,,22,60,13,,,,143,68.7,98,,,18,68.5,12,,,,,,,160,68.7,110,,,,,,,,,,,,,,
1994,,,,,,,,,,,,,,,,,,,,,,,,,,,,,,,,,,,,,,,,,,,,,,,,,,,,,,,,,,"7,525",,,,,,,,,,,,"7,525",,,,,,,,,,35,60,21,,,,296,68.5,203,,,8.8,68.5,6,,,,,,,305,68.5,209,,,,,,,,,,,,,,
1995,,,,,,,,,,,,,,,,,,,,,,,,,,,,,,,,,,,,,,,,,,,,,,,,,,,,,,,,,,"7,303",,,,17.4,,,,,,,,"7,320",,,,,,,,,,132,60,79,,,,601,68.4,411,,,26,67.8,17.8,,,,,,,627,68.3,429,,,,,,,,,,,,24.9,70,17.4
1996,,,,,,,,,,,,,,,,,,,,,,,,,,,,,,,,,,,,,,,,,,,,,,,,,,,,,,,,,,"8,319",,,,140.9,,,,,,,,"8,460",,,,,,,,,,117,60,70,,,,584,62.8,367,,,4.3,69.3,3,,,,,,,588,62.9,370,,,,,,,,,,,,50.4,70,35.3
1997,,,,,,,,,,,,,,,,,,,,,,,,,,,,,,,,,,,,,,,,,,,,,,,,,,,,,,,,,,"8,635",,,,115.1,,,,,,,,"8,750",,,,,,,,,,67,60,40,,,,777,67.3,523,,,,,,,,,,,,777,67.3,523,,,,,,,,,,,,96.1,70,67.3
1998,,,,,,,,,,,,,,,,,,,,,,,,,,,,,,,,,,,,,,,,,,,,,,,,,,,,,,,,,,"8,262",,,,,,,,,,,,"8,262",,,,,,,,,,67,60,40,,,,876,67.2,588,,,,,,,,,,,,876,67.2,588,,,,,,,,,,,,64.1,70,44.9
1999,,,,,,,,,,,,,,,,,,,,,,,,,,,,,,,,,,,,,,,,,,,,,,,62,65,40,,,,,,,,,"9,236",,,,,,,,,,,,"9,236",,,,,,,,,,67,60,40,,,,697,66.8,466,,,,,,,,,,,,697,66.8,466,,,,,,,,,,,,11.9,70,8.3
2000,,,,,,,,,,,,,,,,,,,,,,,,,,,,,,,,,,,,,,,,,,,,,,,,,,,,,,,,,,"9,194",,,,,,,,,,,,"9,194",,,,,,,,,,,,,,,,"1,071",66.5,713,,,,,,,,,,,,"1,071",66.5,713,,,,,,,,,,,,,,
2001,,,,,,,,,,,,,,,,,,,,,,,,,,,,,,,,,,,,,,,,,,,,,,,,,,,,,,,,,,"8,977",,,,,,,,,,,,"8,977",,,,,,,,,,,,,,,,"1,476",66.1,976,,,,,,,,,,,,"1,476",66.1,976,,,,,,,,,,,,,,
2002,,,,,,,,,,,,,,,,,,,,,,,,,,,,,,,,,,,,,,,,,,,,,,,"1,153",65,750,,,,,,,,,"7,356",,,,,,,,,,,,"7,356",,,,,,,,,,2,50,1,,,,"1,142",66.8,763,,,,,,,,,,,,"1,142",66.8,763,,,,,,,,,,,,,,
2003,,,,,,,,,,,,,,,,,,,,,,,,,,,,,,,,,,,,,,,,,,,,,,,"1,586",65,"1,031",,,,,,,,,"4,645",,,,,,,,,,,,"4,645",,,,,,,,,,4,50,2,,,,979,66.7,653,,,,,,,,,,,,979,66.7,653,,,,,,,,,,,,,,
2004,,,,,,,,,,,,,,,,,,,,,,,,,,,,,,,,,,,,,,,,,,,,,,,660,65,429,,,,,,,,,,,,,,,,,,,,,,,,,,,,,,,10,80,8,,,,640,66.6,426,,,,,,,,,,,,640,66.6,426,,,,,,,,,,,,,,
2005,,,,,,,,,,,,,,,,,,,,,,,,,,,,,,,,,,,,,,,,,,,,,,,,,,,,,,,,,,"1,831",,,,,,,,,,,,"1,831",,,,,,,,,,19,78.9,15,,,,642,66.5,427,,,,,,,,,,,,642,66.5,427,,,,,,,,,,,,,,
2006,,,,,,,,,,,,,,,,,,,,,,,,,,,,,,,,,,,,,,,,,,,,,,,,,,,,,,,,,,,,,,,,,,,,,,,,,,,,,,,,431,59.0,254,,,,640,66.6,426,,,,,,,,,,,,640,66.6,426,,,,,,,,,,,,,,
2007,,,,,,,,,,,,,,,,,,,,,,,,,,,,,,,,,,,,,,,,,,,,,,,,,,,,,,,,,,,,,,,,,,,,,,,,,,,,,,,,"3,240",59.0,"1,912",,,,222,66.6,148,,,,,,,,,,,,222,66.6,148,,,,,,,,,,,,,,
2008,,,,,,,,,,,,,,,,,,,,,,,,,,,,,,,,,,,,,,,,,,,,,,,,,,,,,,,,,,"1,079",,,,,,,,,,,,"1,079",,,,,,,,,,,,,,,,255,66.6,170,,,,,,,,,,,,255,66.6,170,,,,,,,,,,,,,,
2009,,,,,,,,,,,,,,,,,,,,,,,,,,,,,,,,,,,,,,,,,,,,,,,,,,,,,,,,,,"5,630",,,,,,,,,,,,"5,630",,,,,,,,,,,,,,,,,,,,,,,,,,,,,,,,,,,,,,,,,,,,,,
2010,,,,,,,,,,,,,,,,,,,,,,,,,,,,,,,,,,,,,,,,,,,,,,,,,,,,,,,,,,"6,263",,,,,,,,,,,,"6,263",,,,,,,,,,3,65,2.0,,,,,,,,,,,,,,,,,,,,,,,,,,,,,,,,,,
2011,,,,,,,,,,,,,,,,,,,,,,,,,,,,,,,,,,,,,,,,,,,,,,,,,,,,,,,,,,"5,014",,,,,,,,,,,,"5,014",,,,,,,,,,2,50.0,1,,,,,,,,,,,,,,,,,,,,,,,,,,,,,,,,,,
2012,,,,,,,,,,,,,,,,,,,,,,,,,,,,,,,,,,,,,,,,,,,,,,,,,,,,,,,,,,"5,848",,,,,,,,,,,,"5,848",,,,,,,,,,3,66.7,2,,,,,,,,,,,,,,,,,,,,,,,,,,,,,,,,,,
2013,,,,,,,,,,,,,,,,,,,,,,,,,,,,,,,,,,,,,,,,,,,,,,,,,,,,,,,,,,"6,152",,,,,,,,,,,,"6,152",,,,,,,,,,36,66.7,24,,,,,,,,,,,,,,,,,,,,,,,,,,,,,,,,,,
2014,,,,,,,,,,,,,,,,,,,,,,,,,,,,,,,,,,,,,,,,,,,,,,,,,,,,,,,,,,"6,887",,,,,,,,,,,,"6,887",,,,,,,,,,9,65,5.9,,,,,,,,,,,,,,,,,,20.0,70,14,,,,,,,,,,,,,,
2015,,,,,,,,,,,,,,,,,,,,,,,,,,,,,,,,,,,,,,,,,,,,,,,,,,,,,,,,,,"6,816",,,,,,,,,,,,"6,816",,,,,,,,,,1,65,0.7,,,,,,,,,,,,,,,,,,31.1,70,21.8,,,,,,,,,,,,,,
2016,,,,,,,,,,,,,,,,,,,,,,,,,,,,,,,,,,,,,,,,,,,,,,,,,,,,,,,,,,"6,314",,,,,,,,,,,,"6,314",,,,,,,,,,1.98,65,1.3,,,,,,,,,,,,,,,,,,59.0,70,41.3,,,,,,,,,,,,,,
2017,,,,,,,,,,,,,,,,,,,,,,,,,,,,,,,,,,,,,,,,,,,,,,,,,,,,,,,,,,"7,082",,,,,,,,,,,,"7,082",,,,,,,,,,0.27,65,0.17,,,,,,,,,,,,,,,,,,30.1,70,21.1,,,,,,,,,,,,,,
2018,,,,,,,,,,,,,,,,,,,,,,,,,,,,,,,,,,,,,,,,,,,,,,,,,,,,,,,,,,"6,557",,,,,,,,,,,,"6,557",,,,,,,,,,1.25,65,0.81,,,,,,,,,,,,,,,,,,117,70,82.1,,,,,,,,,,,,,,
2019,,,,,,,,,,,,,,,,,,,,,,,,,,,,,,,,,,,,,,,,,,,,,,,,,,,,,,,,,,"7,418",,,,,,,,,,,,"7,418",,,,,,,,,,0.57,65,0.37,,,,,,,,,,,,,,,,,,142,70,99.3,,,,,,,,,,,,,,
2020,,,,,,,,,,,,,,,,,,,,,,,,,,,,,,,,,,,,,,,,,,,,,,,,,,,,,,,,,,"7,798",,,,,,,,,,,,"7,798",,,,,,,,,,1.32,65,0.85,,,,,,,,,,,,,,,,,,160,70,112,,,,,,,,,,,,,,
2021,,,,,,,,,,,,,,,,,,,,,,,,,,,,,,,,,,,,,,,,,,,,,,,,,,,,,,,,,,"8,452",,,,,,,,,,,,"8,452",,,,,,,,,,1.41,65,0.91,,,,,,,,,,,,,,,,,,102,70,71.5,,,,,,,,,,,,,,
,,,,,,,,,,,,,,,,,,,,,,,,,,,,,,,,,,,,,,,,,,,,,,,,,,,,,,,,,,,,,,,,,,,,,,,,,,,,,,,,,,,,,,,,,,,,,,,,,,,,,,,,,,,,,,,,,,,,
,,,,,,,,,,,,,,,,,,,,,,,,,,,,,,,,,,,,,,,,,,,,,,,,,,,,,,,,,,,,,,,,,,,,,,,,,,,,,,,,,,,,,,,,,,,,,,,,,,,,,,,,,,,,,,,,,,,,
,,,,,,,,,,,,,,,,,,,,,,,,,,,,,,,,,,,,,,,,,,,,,,,,,,,,,,,,,,,,,,,,,,,,,,,,,,,,,,,,,,,,,,,,,,,,,,,,,,,,,,,,,,,,,,,,,,,,
,,,,,,,,,,,,,,,,,,,,,,,,,,,,,,,,,,,,,,,,,,,,,,,,,,,,,,,,,,,,,,,,,,,,,,,,,,,,,,,,,,,,,,,,,,,,,,,,,,,,,,,,,,,,,,,,,,,,
,,,,,,,,,,,,,,,,,,,,,,,,,,,,,,,,,,,,,,,,,,,,,,,,,,,,,,,,,,,,,,,,,,,,,,,,,,,,,,,,,,,,,,,,,,,,,,,,,,,,,,,,,,,,,,,,,,,,
,,,,,,,,,,,,,,,,,,,,,,,,,,,,,,,,,,,,,,,,,,,,,,,,,,,,,,,,,,,,,,,,,,,,,,,,,,,,,,,,,,,,,,,,,,,,,,,,,,,,,,,,,,,,,,,,,,,,
,,"341,112",,"1,390",,"18,113",,"4,976",,"7,952",,"8,390",,453,,"3,069",,"188,877",,"26,659",,"5,368,789",,"705,396",,"75,119",,"4,195",,842,,"126,016",,"37,284",,"5,489,337",,"758,021",,"1,417,849",,"14,526",,"13,119",,"3,024,481",,"19,056,270",,,,"1,070,491",,,,,,,,,,,,,,,,,,,,,,,,,,,,,,,,,,,"2,529,752",,,,,"1,180,795",,,,,"1,085",,,,"3,757,960",,,,,,,,,,,,,,,
1854,,0,,0,,0,,0,,0,,0,,0,,0,,0,,0,,0,,0,,0,,0,,0,,0,,0,,0,,0,,0,,0,,0,,0,,0,,,,6265.672,,,,,,,,,,,,,,,,,,,,,,,,,,,,,,,,,,,0,,,,,0,,,,,0,,,,0,,,,,,,,,,,,,,,
1855,,0,,0,,0,,0,,0,,0,,0,,0,,0,,0,,0,,0,,0,,0,,0,,0,,0,,0,,0,,0,,0,,0,,0,,0,,,,4242.308,,,,,,,,,,,,,,,,,,,,,,,,,,,,,,,,,,,0,,,,,0,,,,,0,,,,0,,,,,,,,,,,,,,,
1856,,0,,0,,0,,0,,0,,0,,0,,0,,0,,0,,0,,0,,0,,0,,0,,0,,0,,0,,0,,0,,0,,0,,0,,0,,,,39546.276,,,,,,,,,,,,,,,,,,,,,,,,,,,,,,,,,,,0,,,,,0,,,,,0,,,,0,,,,,,,,,,,,,,,
1857,,0,,0,,0,,0,,0,,0,,0,,0,,0,,0,,0,,0,,0,,0,,0,,0,,0,,0,,0,,0,,0,,0,,0,,0,,,,50320.956,,,,,,,,,,,,,,,,,,,,,,,,,,,,,,,,,,,0,,,,,0,,,,,0,,,,0,,,,,,,,,,,,,,,
1858,,0,,0,,0,,0,,0,,0,,0,,0,,0,,0,,0,,0,,0,,0,,0,,0,,0,,0,,0,,0,,0,,0,,0,,0,,,,25450.292,,,,,,,,,,,,,,,,,,,,,,,,,,,,,,,,,,,0,,,,,0,,,,,0,,,,0,,,,,,,,,,,,,,,
1859,,0,,0,,0,,0,,0,,0,,0,,0,,0,,0,,0,,0,,0,,0,,0,,0,,0,,0,,0,,0,,0,,0,,0,,0,,,,7762.748,,,,,,,,,,,,,,,,,,,,,,,,,,,,,,,,,,,0,,,,,0,,,,,0,,,,0,,,,,,,,,,,,,,,
1860,,0,,0,,0,,0,,0,,0,,0,,0,,0,,0,,0,,0,,0,,0,,0,,0,,0,,0,,0,,0,,0,,0,,0,,0,,,,6937.756,,,,,,,,,,,,,,,,,,,,,,,,,,,,,,,,,,,0,,,,,0,,,,,0,,,,0,,,,,,,,,,,,,,,
1861,,0,,0,,0,,0,,0,,0,,0,,0,,0,,0,,0,,0,,0,,0,,0,,0,,0,,0,,0,,0,,0,,0,,0,,0,,,,10579.1,,,,,,,,,,,,,,,,,,,,,,,,,,,,,,,,,,,0,,,,,0,,,,,0,,,,0,,,,,,,,,,,,,,,
1862,,0,,0,,0,,0,,0,,0,,0,,0,,0,,0,,0,,0,,0,,0,,0,,0,,0,,0,,0,,0,,0,,0,,0,,0,,,,4850.384,,,,,,,,,,,,,,,,,,,,,,,,,,,,,,,,,,,0,,,,,0,,,,,0,,,,0,,,,,,,,,,,,,,,
1863,,0,,0,,0,,0,,0,,0,,0,,0,,0,,0,,0,,0,,0,,0,,0,,0,,0,,0,,0,,0,,0,,0,,0,,0,,,,5547.36,,,,,,,,,,,,,,,,,,,,,,,,,,,,,,,,,,,0,,,,,0,,,,,0,,,,0,,,,,,,,,,,,,,,
1864,,0,,0,,0,,0,,0,,0,,0,,0,,0,,0,,0,,0,,0,,0,,0,,0,,0,,0,,0,,0,,0,,0,,0,,0,,,,6649.72,,,,,,,,,,,,,,,,,,,,,,,,,,,,,,,,,,,0,,,,,0,,,,,0,,,,0,,,,,,,,,,,,,,,
1865,,0,,0,,0,,0,,0,,0,,0,,0,,0,,0,,0,,0,,0,,0,,0,,0,,0,,0,,0,,0,,0,,0,,0,,0,,,,1166.368,,,,,,,,,,,,,,,,,,,,,,,,,,,,,,,,,,,0,,,,,0,,,,,0,,,,0,,,,,,,,,,,,,,,
1866,,0,,0,,0,,0,,0,,0,,0,,0,,0,,0,,0,,0,,0,,0,,0,,0,,0,,0,,0,,0,,0,,0,,0,,0,,,,6575.044,,,,,,,,,,,,,,,,,,,,,,,,,,,,,,,,,,,0,,,,,0,,,,,0,,,,0,,,,,,,,,,,,,,,
1867,,0,,0,,0,,0,,0,,0,,0,,0,,0,,0,,0,,0,,0,,0,,0,,0,,0,,0,,0,,0,,0,,0,,0,,0,,,,12623.8,,,,,,,,,,,,,,,,,,,,,,,,,,,,,,,,,,,0,,,,,0,,,,,0,,,,0,,,,,,,,,,,,,,,
1868,,0,,0,,0,,0,,0,,0,,0,,0,,0,,0,,0,,0,,0,,0,,0,,0,,0,,0,,0,,0,,0,,0,,0,,0,,,,15671.292,,,,,,,,,,,,,,,,,,,,,,,,,,,,,,,,,,,0,,,,,0,,,,,0,,,,0,,,,,,,,,,,,,,,
1869,,0,,0,,0,,0,,0,,0,,0,,0,,0,,0,,0,,0,,0,,0,,0,,0,,0,,0,,0,,0,,0,,0,,0,,0,,,,19134.836,,,,,,,,,,,,,,,,,,,,,,,,,,,,,,,,,,,0,,,,,0,,,,,0,,,,0,,,,,,,,,,,,,,,
1870,,0,,0,,0,,0,,0,,0,,0,,0,,0,,0,,0,,0,,0,,0,,0,,0,,0,,0,,0,,0,,0,,0,,0,,0,,,,10436.86,,,,,,,,,,,,,,,,,,,,,,,,,,,,,,,,,,,0,,,,,0,,,,,0,,,,0,,,,,,,,,,,,,,,
1871,,0,,0,,0,,0,,0,,0,,0,,0,,0,,0,,0,,0,,0,,0,,0,,0,,0,,0,,0,,0,,0,,0,,0,,0,,,,17272,,,,,,,,,,,,,,,,,,,,,,,,,,,,,,,,,,,0,,,,,0,,,,,0,,,,0,,,,,,,,,,,,,,,
1872,,0,,0,,0,,0,,0,,0,,0,,0,,0,,0,,9207.5,,0,,0,,0,,0,,0,,0,,46037.5,,0,,9575.8,,0,,0,,0,,64820.8,,,,21726.017,,,,,,,,,,,,,,,,,,,,,,,,,,,,,,,,,,,0,,,,,0,,,,,0,,,,0,,,,,,,,,,,,,,,
1873,,0,,0,,0,,0,,0,,0,,0,,0,,0,,0,,93916.5,,0,,0,,0,,0,,0,,0,,128905,,0,,93916.5,,0,,0,,0,,316738,,,,12431.776,,,,,,,,,,,,,,,,,,,,,,,,,,,,,,,,,,,0,,,,,0,,,,,0,,,,0,,,,,,,,,,,,,,,
1874,,0,,0,,0,,0,,0,,0,,0,,0,,0,,0,,92075,,0,,0,,0,,0,,0,,0,,183045.1,,0,,92075,,0,,0,,0,,367195.1,,,,8206.871807,,,,,,,,,,,,,,,,,,,,,,,,,,,,,,,,,,,0,,,,,0,,,,,0,,,,0,,,,,,,,,,,,,,,
1875,,0,,0,,0,,0,,0,,0,,0,,0,,0,,0,,123306.84,,0,,0,,0,,0,,0,,0,,223926.4,,0,,114909.6,,0,,0,,0,,462142.84,,,,4824.73,,,,,,,,,,,,,,,,,,,,,,,,,,,,,,,,,,,0,,,,,0,,,,,0,,,,0,,,,,,,,,,,,,,,
1876,,0,,0,,0,,0,,0,,0,,0,,0,,0,,0,,169418,,73660,,0,,0,,0,,0,,0,,221606.11,,0,,102092.76,,0,,0,,0,,566776.87,,,,1920.24,,,,,,,,,,,,,,,,,,,,,,,,,,,,,,,,,,,0,,,,,0,,,,,0,,,,0,,,,,,,,,,,,,,,
1877,,0,,0,,0,,0,,0,,0,,0,,0,,0,,0,,132588,,7366,,0,,0,,0,,0,,0,,128831.34,,0,,102755.7,,0,,0,,0,,371541.04,,,,6731.508,,,,,,,,,,,,,,,,,,,,,,,,,,,,,,,,,,,0,,,,,0,,,,,0,,,,0,,,,,,,,,,,,,,,
1878,,0,,0,,0,,0,,0,,0,,0,,0,,0,,0,,110490,,22098,,0,,0,,0,,0,,0,,142605.76,,0,,81541.62,,0,,0,,0,,356735.38,,,,5117.084,,,,,,,,,,,,,,,,,,,,,,,,,,,,,,,,,,,0,,,,,0,,,,,0,,,,0,,,,,,,,,,,,,,,
1879,,0,,0,,0,,0,,0,,0,,0,,0,,0,,0,,76238.1,,22098,,0,,0,,0,,0,,0,,200005.315,,0,,52224.94,,0,,0,,0,,350566.355,,,,1706.88,,,,,,,,,,,,,,,,,,,,,,,,,,,,,,,,,,,0,,,,,0,,,,,0,,,,0,,,,,,,,,,,,,,,
1880,,0,,0,,0,,0,,0,,0,,0,,0,,0,,0,,126842.52,,19427.825,,0,,0,,0,,0,,0,,272265.775,,0,,49867.82,,0,,0,,0,,468403.94,,,,6060.948,,,,,,,,,,,,,,,,,,,,,,,,,,,,,,,,,,,0,,,,,0,,,,,0,,,,0,,,,,,,,,,,,,,,
1881,,0,,0,,0,,0,,0,,0,,0,,0,,0,,0,,184150,,36830,,0,,0,,0,,0,,0,,297549.57,,0,,40144.7,,0,,0,,0,,558674.27,,,,7810.5,,,,,,,,,,,,,,,,,,,,,,,,,,,,,,,,,,,0,,,,,0,,,,,0,,,,0,,,,,,,,,,,,,,,
1882,,0,,0,,0,,0,,0,,0,,0,,0,,0,,0,,229119.43,,26001.98,,0,,0,,0,,0,,0,,232544.62,,0,,45300.9,,0,,0,,0,,532966.93,,,,68440.3,,,,,,,,,,,,,,,,,,,,,,,,,,,,,,,,,,,0,,,,,0,,,,,0,,,,0,,,,,,,,,,,,,,,
1883,,0,,0,,0,,0,,0,,0,,0,,0,,0,,0,,184812.94,,22245.32,,0,,0,,0,,0,,0,,184812.94,,0,,33147,,0,,0,,0,,425018.2,,,,5981.7,,,,,,,,,,,,,,,,,,,,,,,,,,,,,,,,,,,0,,,,,0,,,,,0,,,,0,,,,,,,,,,,,,,,
1884,,0,,0,,0,,0,,0,,0,,0,,0,,0,,0,,176194.72,,9723.12,,0,,0,,0,,0,,0,,165072.06,,0,,36093.4,,0,,0,,0,,387083.3,,,,2958.592,,,,,,,,,,,,,,,,,,,,,,,,,,,,,,,,,,,0,,,,,0,,,,,0,,,,0,,,,,,,,,,,,,,,
1885,,0,,0,,0,,0,,0,,0,,0,,0,,0,,0,,135092.44,,11785.6,,0,,0,,0,,355.6,,0,,184536.715,,0,,22908.26,,0,,0,,0,,354678.615,,,,0,,,,,,,,,,,,,,,,,,,,,,,,,,,,,,,,,,,0,,,,,0,,,,,0,,,,0,,,,,,,,,,,,,,,
1886,,0,,0,,0,,0,,0,,0,,0,,0,,0,,0,,121465.34,,16787.114,,0,,0,,0,,426.72,,0,,139519.406,,0,,22613.62,,0,,0,,0,,300812.2,,,,99.06,,,,,,,,,,,,,,,,,,,,,,,,,,,,,,,,,,,0,,,,,0,,,,,0,,,,0,,,,,,,,,,,,,,,
1887,,0,,0,,0,,0,,0,,0,,0,,0,,0,,0,,92811.6,,12595.86,,0,,0,,0,,533.4,,0,,194425.57,,0,,19888.2,,0,,426.72,,0,,320681.35,,,,462.28,,,,,,,,,,,,,,,,,,,,,,,,,,,,,,,,,,,0,,,,,0,,,,,0,,,,0,,,,,,,,,,,,,,,
1888,,0,,0,,0,,0,,0,,0,,0,,0,,0,,0,,74175.62,,14455.775,,0,,0,,0,,1369.06,,0,,76422.25,,0,,14952.98,,0,,1959.356,,0,,183335.041,,,,3599.18,,,,,,,,,,,,,,,,,,,,,,,,,,,,,,,,,,,0,,,,,0,,,,,0,,,,0,,,,,,,,,,,,,,,
1889,,0,,0,,0,,0,,0,,0,,0,,0,,0,,0,,99588.32,,10514.965,,0,,0,,0,,1849.12,,0,,114393.98,,0,,18709.64,,0,,963.676,,0,,246019.701,,,,7191.756,,,,,,,,,,,,,,,,,,,,,,,,,,,,,,,,,,,355.6,,,,,0,,,,,0,,,,355.6,,,,,,,,,,,,,,,
1890,,0,,0,,0,,0,,0,,0,,0,,0,,0,,2509.52,,92104.464,,11188.954,,0,,0,,0,,1428.0896,,0,,84709,,0,,16205.2,,0,,0,,0,,208145.2276,,,,60063.38,,,,,,,,,,,,,,,,,,,,,,,,,,,,,,,,,,,4800.6,,,,,0,,,,,0,,,,4800.6,,,,,,,,,,,,,,,
1891,,0,,0,,0,,0,,0,,0,,0,,0,,0,,0,,73439.02,,3167.38,,0,,0,,0,,1422.4,,0,,71671.18,,0,,17678.4,,0,,0,,0,,167378.38,,,,117448.838,,,,,,,,,,,,,,,,,,,,,,,,,,,,,,,,,,,14508.48,,,,,0,,,,,0,,,,14508.48,,,,,,,,,,,,,,,
1892,,0,,0,,0,,0,,0,,0,,0,,0,,0,,941.07,,44196,,12006.58,,0,,0,,0,,711.2,,0,,78300.58,,29870.4,,16720.82,,444.5,,213.36,,0,,183404.51,,,,26894.79,,,,,,,,,,,,,,,,,,,,,,,,,,,,,,,,,,,18881.6488,,,,,0,,,,,0,,,,18881.6488,,,,,,,,,,,,,,,
1893,,0,,0,,0,,0,,0,,0,,0,,0,,0,,0,,51562,,5911.215,,0,,0,,0,,483.616,,0,,76238.1,,24892,,13000.99,,0,,32.004,,0,,172119.925,,,,3483.61,,,,,,,,,,,,,,,,,,,,,,,,,,,,,,,,,,,12197.08,,,,,4014.724,,,,,0,,,,16211.804,,,,,,,,,,,,,,,
1894,,0,,0,,0,,0,,0,,0,,0,,0,,0,,0,,54655.72,,8839.2,,0,,0,,0,,1399.647472,,0,,81652.11,,24892,,11546.205,,0,,1778,,0,,184762.8825,,,,3962.4,,,,,,,,,,,,,,,,,,,,,,,,,,,,,,,,,,,26403.3,,,,,1351.28,,,,,0,,,,27754.58,,,,,,,,,,,,,,,
1895,,0,,0,,0,,0,,0,,0,,0,,0,,0,,0,,34601.785,,12153.9,,0,,0,,0,,842.772,,0,,66294,,14224,,7218.68,,0,,14.224,,0,,135349.361,,,,3900,,,,,,,,,,,,,,,,,,,,,,,,,,,,,,,,,,,19710.908,,,,,0,,,,,0,,,,19710.908,,,,,,,,,,,,,,,
1896,,0,,0,,0,,0,,0,,0,,0,,0,,0,,0,,46258.48,,12890.5,,0,,853.44,,0,,860.552,,0,,53256.18,,21336,,11049,,0,,0,,0,,146504.152,,,,3900,,,,,,,,,,,,,,,,,,,,,,,,,,,,,,,,,,,9761.22,,,,,0,,,,,0,,,,9761.22,,,,,,,,,,,,,,,
1897,,0,,0,,0,,0,,0,,0,,0,,0,,0,,1172.21,,50825.4,,4861.56,,0,,0,,0,,821.436,,0,,44196,,17780,,5892.8,,49.0728,,0,,0,,125598.4788,,,,3103.88,,,,,,,,,,,,,,,,,,,,,,,,,,,,,,,,,,,6795.516,,,,,0,,,,,0,,,,6795.516,,,,,,,,,,,,,,,
1898,,0,,0,,0,,0,,0,,0,,0,,0,,0,,1295.138743,,39776.4,,5671.82,,0,,0,,0,,711.2,,0,,34841.18,,10668,,4787.9,,0,,71.12,,0,,97822.75874,,,,5778.5,,,,,,,,,,,,,,,,,,,,,,,,,,,,,,,,,,,4846.1168,,,,,0,,,,,0,,,,4846.1168,,,,,,,,,,,,,,,
1899,,0,,0,,0,,0,,0,,0,,0,,0,,0,,0,,34620.2,,6592.57,,10238.74,,355.6,,0,,640.08,,0,,41013.888,,9899.904,,5211.445,,0,,355.6,,0,,108928.027,,,,10302.24,,,,,,,,,,,,,,,,,,,,,,,,,,,,,,,,,,,19722.9984,,,,,4089.4,,,,,0,,,,23812.3984,,,,,,,,,,,,,,,
1900,,0,,0,,0,,0,,143.1882667,,0,,0,,0,,0,,710.7936,,36830,,5156.2,,0,,355.6,,513.0912889,,853.44,,874.776,,32281.495,,14259.56,,5819.14,,0,,355.6,,0,,98152.88416,,,,4688.84,,,,,,,,,,,,,,,,,,,,,,,,,,,,,,,,,,,30981.2944,,,,,27585.3144,,,,,0,,,,58566.6088,,,,,,,,,,,,,,,
1901,,8.5725,,0,,0,,0,,75.66846121,,0,,0,,0,,0,,0,,29611.32,,386.715,,0,,142.24,,0,,942.34,,668.5433276,,22613.62,,14224,,5524.5,,0,,568.96,,0,,74766.47929,,,,4688.84,,,,,,,,,,,,,,,,,,,,,,,,,,,,,,,,,,,22853.7008,,,,,29371.1376,,,,,0,,,,52224.8384,,,,,,,,,,,,,,,
1902,,106.7797009,,0,,0,,0,,70,,0,,0,,0,,0,,1512.785069,,29464,,313.055,,0,,142.24,,0,,915.2545794,,0,,34325.56,,14935.2,,3167.38,,0,,1369.06,,0,,86321.31435,,,,660.4,,,,,,,,,,,,,,,,,,,,,,,,,,,,,,,,,,,28676.2952,,,,,15387.8788,,,,,0,,,,44064.174,,,,,,,,,,,,,,,
1903,,0,,79.26871356,,0,,0,,0,,0,,0,,0,,0,,3680.333129,,34251.9,,662.94,,0,,1056.916181,,198.1717839,,1717.488794,,0,,33147,,22459.46884,,3664.585,,0,,1952.244,,0,,102870.3164,,,,2179.32,,,,,,,,,,,,,,,,,,,,,,,,,,,,,,,,,,,37333.7328,,,,,20774.8632,,,,,0,,,,58108.596,,,,,,,,,,,,,,,
1904,,248.6404274,,0,,0,,0,,0,,0,,0,,294.64,,0,,2452.109043,,40513,,1104.9,,0,,568.96,,0,,1041.717653,,0,,36830,,18420.08,,13258.8,,0,,522.732,,0,,115255.5791,,,,4688.84,,,,,,,,,,,,,,,,,,,,,,,,,,,,,,,,,,,37952.4768,,,,,22819.5632,,,,,0,,,,60772.04,,,,,,,,,,,,,,,
1905,,571.4603918,,0,,0,,0,,0,,0,,0,,311.7351189,,0,,1320.8,,85224.62,,736.6,,0,,0,,0,,762.7718073,,0,,33367.98,,5442.479922,,7660.64,,0,,170.688,,0,,135569.7752,,,,8188.96,,,,,,,,,,,,,,,,,,,,,,,,,,,,,,,,,,,45767.1424,,,,,30989.8288,,,,,0,,,,76756.9712,,,,,,,,,,,,,,,
1906,,664.6347621,,75.565,,0,,0,,2631.44,,0,,0,,0,,0,,8269.153021,,109090.46,,11186.97266,,0,,720.080999,,0,,827.3730678,,0,,30200.6,,3600.404995,,8912.86,,0,,942.34,,0,,177121.8845,,,,7000.24,,,,,,,,,,,,,,,,,,,,,,,,,,,,,,,,,,,55706.8736,,,,,50612.548,,,,,0,,,,106319.4216,,,,,,,,,,,,,,,
1907,,0,,142.24,,0,,0,,3270.924896,,0,,0,,0,,0,,1692.418851,,133471.92,,10680.7,,4885.766801,,0,,0,,1334.407171,,0,,30421.58,,5858.372947,,12522.2,,0,,206.248,,0,,204486.7787,,,,6802.12,,,,,,,,,,,,,,,,,,,,,,,,,,,,,,,,,,,54762.4,,,,,60714.4328,,,,,0,,,,115476.8328,,,,,,,,,,,,,,,
1908,,264.4706209,,120.9008553,,0,,0,,103.124,,0,,0,,0,,0,,0,,103639.62,,4695.825,,2887.85726,,0,,0,,992.898274,,0,,40328.85,,9917.648285,,17236.44,,1066.8,,0,,0,,181254.4343,,,,5217.16,,,,,,,,,,,,,,,,,,,,,,,,,,,,,,,,,,,40988.5896,,,,,28663.4936,,,,,0,,,,69652.0832,,,,,,,,,,,,,,,
1909,,0,,0,,0,,0,,106.68,,0,,0,,0,,0,,396.24,,110121.7,,1767.84,,1303.782,,0,,0,,1351.28,,0,,49720.5,,7144.196331,,16868.14,,86.57084965,,711.2,,0,,189578.1292,,,,5877.56,,,,,,,,,,,,,,,,,,,,,,,,,,,,,,,,,,,32626.3,,,,,20906.4352,,,,,108.1024,,,,53640.8376,,,,,,,,,,,,,,,
1910,,106.68,,0,,0,,0,,57.82712431,,0,,13.55323226,,38.18139145,,0,,0,,77858.62,,5156.2,,3683,,0,,0,,1713.992,,0,,58044.08,,5132.157283,,14363.7,,0,,325.2775743,,0,,166493.2686,,,,2707.64,,,,,,,,,,,,,,,,,,,,,,,,,,,,,,,,,,,22595.5352,,,,,10916.92,,,,,0,,,,33512.4552,,,,,,,,,,,,,,,
1911,,71.12,,10.668,,0,,0,,178.4601125,,0,,284.48,,0,,7.366,,0,,86624.16,,5351.399,,44.196,,0,,0,,2375.408,,0,,59369.96,,6329.68,,14658.34,,248.92,,118.9734083,,0,,175673.1305,,,,2179.32,,,,,,,,,,,,,,,,,,,,,,,,,,,,,,,,,,,29238.8544,,,,,10571.988,,,,,0,,,,39810.8424,,,,,,,,,,,,,,,
1912,,0,,0,,0,,0,,391.16,,7594.6,,48.5114219,,0,,36.83,,0,,74101.96,,4957.318,,902.335,,0,,0,,1493.52,,35560,,82388.71,,6784.848,,12301.22,,2079.522952,,0,,25062.18,,253702.7154,,,,3169.92,,,,,,,,,,,,,,,,,,,,,,,,,,,,,,,,,,,30613.604,,,,,8774.7856,,,,,0,,,,39388.3896,,,,,,,,,,,,,,,
1913,,0,,188.8135027,,0,,0,,0,,164.1856545,,0,,0,,55.245,,0,,86108.54,,9433.08375,,718.185,,0,,0,,3698.24,,0,,79899.002,,11485.88,,11638.28,,497.84,,0,,24942.14643,,228829.4413,,,,3764.28,,,,,,,,,,,,,,,,,,,,,,,,,,,,,,,,,,,32607.0976,,,,,9892.792,,,,,227.584,,,,42727.4736,,,,,,,,,,,,,,,
1914,,0,,106.68,,0,,0,,624.3812888,,0,,0,,0,,147.32,,0,,58559.7,,7439.66,,84.709,,0,,0,,1920.24,,0,,72997.06,,8321.04,,9207.5,,88.70495963,,0,,16827.16733,,176324.1626,,,,3473.704,,,,,,,,,,,,,,,,,,,,,,,,,,,,,,,,,,,17391.6848,,,,,6215.888,,,,,0,,,,23607.5728,,,,,,,,,,,,,,,
1915,,0,,77.78557224,,12242.8,,0,,0,,0,,0,,117.856,,0,,0,,48762.92,,7586.98,,220.98,,0,,0,,302.26,,0,,76974.7,,5760.72,,10244.2645,,195.58,,0,,35961.57676,,198448.4228,,,,6310.122,,,,,,,,,,,,,,,,,,,,,,,,,,,,,,,,,,,17590.1096,,,,,5593.588,,,,,0,,,,23183.6976,,,,,,,,,,,,,,,
1916,,75.33542619,,47.117,,0,,750.316,,0,,0,,0,,27.6225,,0,,0,,51584.098,,1003.6175,,368.3,,0,,0,,2313.218017,,0,,80178.91,,5938.52,,10135.616,,231.0167405,,0,,21022.056,,173675.7432,,,,8056.88,,,,,,,,,,,,,,,,,,,,,,,,,,,,,,,,,,,20037.3488,,,,,10893.4504,,,,,0,,,,30930.7992,,,,,,,,,,,,,,,
1917,,0,,174.244,,0,,0,,13.335,,0,,0,,0,,0,,0,,44873.672,,10165.08,,14732,,0,,0,,1688.499979,,0,,68945.76,,8890,,9391.65,,568.96,,0,,29615.80661,,189059.0076,,,,9176.258,,,,,,,,,,,,,,,,,,,,,,,,,,,,,,,,,,,16920.8704,,,,,4910.836,,,,,0,,,,21831.7064,,,,,,,,,,,,,,,
1918,,711.2,,295.148,,0,,0,,20.99777367,,0,,0,,14.732,,0,,0,,50862.23,,10551.795,,2729.103,,0,,0,,1902.923238,,0,,64342.01,,7837.424,,11417.3,,0,,0,,23575.13321,,174259.9962,,,,8981.44,,,,,,,,,,,,,,,,,,,,,,,,,,,,,,,,,,,21037.296,,,,,7076.44,,,,,0,,,,28113.736,,,,,,,,,,,,,,,
1919,,0,,0,,0,,401.2123339,,0,,0,,0,,29.464,,0,,0,,46184.82,,11896.09,,7406.513,,0,,0,,363.9782361,,0,,73328.53,,7727.188,,11490.96,,1137.92,,0,,44530.35529,,204497.0309,,,,7601.204,,,,,,,,,,,,,,,,,,,,,,,,,,,,,,,,,,,17396.6632,,,,,2610.104,,,,,0,,,,20006.7672,,,,,,,,,,,,,,,
1920,,0,,0,,0,,0,,0,,0,,0,,0,,0,,0,,50604.42,,12227.56,,1399.54,,0,,0,,630.2323668,,0,,65704.72,,9441.18,,8360.41,,2595.88,,0,,23588.7582,,174552.7006,,,,5596.89,,,,,,,,,,,,,,,,,,,,,,,,,,,,,,,,,,,13519.2008,,,,,2951.48,,,,,0,,,,16470.6808,,,,,,,,,,,,,,,
1921,,0,,0,,0,,0,,0,,0,,0,,11.049,,0,,0,,41986.2,,3120.42175,,515.62,,0,,0,,1422.4,,34.7004301,,39702.74,,15113,,4272.28,,2493.572907,,0,,7887.903482,,116559.8876,,,,5283.2,,,,,,,,,,,,,,,,,,,,,,,,,,,,,,,,,,,3760.1144,,,,,1031.24,,,,,0,,,,4791.3544,,,,,,,,,,,,,,,
1922,,0,,0,,0,,0,,0,,0,,0,,18.58635715,,0,,0,,27254.2,,920.75,,589.28,,0,,0,,924.56,,0,,26738.58,,15219.68,,3314.7,,568.96,,0,,5052.06,,80601.35636,,,,7561.58,,,,,,,,,,,,,,,,,,,,,,,,,,,,,,,,,,,1127.9632,,,,,1774.5,,,,,0,,,,2902.4632,,,,,,,,,,,,,,,
1923,,0,,0,,0,,0,,0,,0,,0,,44.196,,0,,0,,29464,,1215.39,,128.905,,0,,0,,1991.36,,0,,26885.9,,11699.24,,4640.58,,640.08,,0,,11424.92,,88134.571,,,,5137.912,,,,,,,,,,,,,,,,,,,,,,,,,,,,,,,,,,,1992.7824,,,,,1735.328,,,,,0,,,,3728.1104,,,,,,,,,,,,,,,
1924,,0,,71.12,,0,,0,,0,,0,,0,,51.562,,0,,0,,39187.12,,2449.195,,3020.06,,0,,0,,2204.72,,0,,32557.72,,9192.26,,3593.407374,,213.36,,0,,25425.4,,117965.9244,,,,2509.52,,,,,,,,,,,,,,,,,,,,,,,,,,,,,,,,,,,3738.0672,,,,,2030.476,,,,,0,,,,5768.5432,,,,,,,,,,,,,,,
1925,,0,,0,,0,,0,,0,,0,,0,,7.366,,0,,0,,32631.38,,2467.61,,2872.74,,0,,0,,3075.94,,0,,26296.62,,10312.4,,4658.995,,173.7297669,,0,,22668.23,,105165.0108,,,,4556.76,,,,,,,,,,,,,,,,,,,,,,,,,,,,,,,,,,,3930.8024,,,,,1704.0352,,,,,0,,,,5634.8376,,,,,,,,,,,,,,,
1926,,11.43,,0,,1270,,99.568,,21.336,,0,,0,,116.0145,,257.81,,19.812,,34859.595,,3425.19,,920.75,,0,,0,,3307.08,,0,,29629.735,,12072.62,,4309.11,,426.72,,0,,23939.5,,114686.2705,,,,1915.16,,,,,,,,,,,,,,,,,,,,,,,,,,,,,,,,,,,4367.4792,,,,,2519.0704,,,,,0,,,,6886.5496,,,,,,,,,,,,,,,
1927,,6.35,,0,,1422.4,,8.5344,,0,,0,,0,,291.5421495,,74.00420561,,0,,28672.155,,7918.45,,2430.78,,0,,0,,1280.16,,35.56,,26130.885,,16002,,4879.975,,60.452,,0,,6114.723796,,95327.97155,,,,4127.5,,,,,,,,,,,,,,,,,,,,,,,,,,,,,,,,,,,4149.1408,,,,,2662.7328,,,,,0,,,,6811.8736,,,,,,,,,,,,,,,
1928,,0,,0,,1051.56,,0,,0,,0,,0,,4.181974146,,0,,0,,34712.275,,6960.87,,681.355,,0,,0,,924.56,,71.12,,22650.45,,10650.22,,3756.66,,0,,0,,22602.19,,104065.442,,,,5646.42,,,,,,,,,,,,,,,,,,,,,,,,,,,,,,,,,,,3878.8848,,,,,2523.3376,,,,,0,,,,6402.2224,,,,,,,,,,,,,,,
1929,,0,,0,,180.1208852,,0,,0,,0,,0,,71.8185,,0,,0,,25854.66,,8592.439,,736.6,,0,,0,,889,,0,,13472.414,,12072.62,,3012.694,,0,,0,,27578.304,,92460.67039,,,,1667.51,,,,,,,,,,,,,,,,,,,,,,,,,,,,,,,,,,,2723.896,,,,,1270.2032,,,,,0,,,,3994.0992,,,,,,,,,,,,,,,
1930,,0,,0,,0,,0,,10.668,,326.898,,106.68,,3.683,,0,,51.92408082,,21324.57,,3130.55,,497.205,,0,,0,,604.52,,0,,10441.305,,13228.32,,2044.065,,35.56,,0,,3251.931005,,55057.87909,,,,0,,,,,,,,,,,,,,,,,,,,,,,,,,,,,,,,,,,46.228,,,,,839.216,,,,,42.672,,,,928.116,,,,,,,,,,,,,,,
1931,,0,,0,,548.64,,0,,3.556,,0,,0,,135.35025,,0,,37.973,,22318.98,,1602.105,,2430.78,,0,,0,,113.792,,0,,12945.745,,9743.44,,3425.19,,53.34,,0,,16972.28,,70331.17125,,,,379.73,,,,,,,,,,,,,,,,,,,,,,,,,,,,,,,,,,,0,,,,,448.056,,,,,0,,,,448.056,,,,,,,,,,,,,,,
1932,,0,,0,,584.2,,0,,32.004,,0,,0,,12.8905,,20.2565,,0,,25486.36,,3535.68,,552.45,,0,,0,,231.14,,0,,15394.94,,10099.04,,2799.08,,0,,0,,8948.42,,67696.461,,,,1551.94,,,,,,,,,,,,,,,,,,,,,,,,,,,,,,,,,,,586.74,,,,,497.84,,,,,0,,,,1084.58,,,,,,,,,,,,,,,
1933,,0,,0,,0,,1066.8,,0,,0,,0,,0,,110.49,,0,,39039.8,,11380.47,,331.47,,0,,0,,2773.68,,0,,19225.26,,16482.06,,2320.29,,0,,0,,12877.8,,105608.12,,,,643.89,,,,,,,,,,,,,,,,,,,,,,,,,,,,,,,,,,,216.2048,,,,,213.36,,,,,0,,,,429.5648,,,,,,,,,,,,,,,
1934,,177.8,,0,,365.76,,924.56,,138.684,,0,,0,,40.513,,128.905,,0,,40513,,12595.86,,791.845,,0,,0,,2898.14,,0,,17825.72,,12997.18,,3314.7,,0,,0,,18821.4,,111534.067,,,,1485.9,,,,,,,,,,,,,,,,,,,,,,,,,,,,,,,,,,,110.236,,,,,815.7464,,,,,0,,,,925.9824,,,,,,,,,,,,,,,
1935,,426.72,,0,,292.1,,213.36,,0,,0,,0,,18.415,,92.075,,0,,31250.255,,14621.51,,718.185,,0,,67.564,,1778,,0,,18930.62,,13459.46,,1362.71,,568.96,,0,,17748.25,,101548.184,,,,1320.8,,,,,,,,,,,,,,,,,,,,,,,,,,,,,,,,,,,1231.7984,,,,,71.12,,,,,0,,,,1302.9184,,,,,,,,,,,,,,,
1936,,13.335,,0,,155.6579987,,96.012,,22.225,,0,,0,,11.049,,1196.975,,0,,29905.96,,12964.16,,1252.22,,0,,21.336,,5476.24,,0,,19593.56,,18348.96,,1252.22,,0,,1.2446,,14726.92,,105038.0746,,,,5646.42,,,,,,,,,,,,,,,,,,,,,,,,,,,,,,,,,,,1553.972,,,,,355.6,,,,,0,,,,1909.572,,,,,,,,,,,,,,,
1937,,37.338,,0,,0,,640.08,,15.113,,0,,0,,92.075,,1429.004,,35.81722369,,42280.84,,9723.12,,1289.05,,0,,21.336,,4800.6,,39.46525,,17899.38,,16997.68,,1841.5,,0,,3.556,,10120.63,,107266.5845,,,,14363.7,,,,,,,,,,,,,,,,,,,,,,,,,,,,,,,,,,,3647.0336,,,,,213.36,,,,,0,,,,3860.3936,,,,,,,,,,,,,,,
1938,,1137.92,,0,,0,,0,,0,,9.010639033,,0,,165.735,,3535.68,,66.04,,45300.9,,9575.8,,345.28125,,0,,0,,4573.016,,0,,17862.55,,17139.92,,7402.83,,0,,0,,13564.616,,120679.2989,,,,11177.27,,,,,,,,,,,,,,,,,,,,,,,,,,,,,,,,,,,3691.128,,,,,71.12,,,,,0,,,,3762.248,,,,,,,,,,,,,,,
1939,,10383.52,,0,,0,,78.232,,21.336,,0,,0,,22.098,,6272.149,,0,,47289.72,,11078.464,,250.444,,0,,9.779,,3741.801,,0,,22318.98,,21037.296,,3646.17,,0,,0,,11941.683,,138091.672,,,,16311.88,,,,,,,,,,,,,,,,,,,,,,,,,,,,,,,,,,,766.6736,,,,,0,,,,,0,,,,766.6736,,,,,,,,,,,,,,,
1940,,23447.5528,,0,,0,,346.71,,0,,0,,0,,3.683,,5943.291764,,19.39925,,35211.6898,,6432.7278,,453.009,,0,,0,,4073.7536,,0,,21295.05284,,14175.2828,,8968.8416,,0,,0,,8007.35,,128378.3443,,,,10434.32,,,,,,,,,,,,,,,,,,,,,,,,,,,,,,,,,,,2386.076,,,,,209.804,,,,,0,,,,2595.88,,,,,,,,,,,,,,,
1941,,48215.0928,,0,,0,,346.71,,0,,13.79764286,,0,,3.683,,4699.508,,19.39925,,35561.5748,,5372.0238,,220.98,,0,,0,,3696.8176,,0,,21359.1902,,11863.8828,,7064.7306,,0,,0,,7000.24,,145437.6305,,,,5943.6,,,,,,,,,,,,,,,,,,,,,,,,,,,,,,,,,,,361.2896,,,,,416.7632,,,,,0,,,,778.0528,,,,,,,,,,,,,,,
1942,,43962.1168,,0,,0,,0,,0,,0,,0,,3.683,,3355.213,,19.39925,,29451.4778,,5232.0698,,75.5015,,0,,0,,4884.5216,,0,,8156.3718,,9595.1548,,3230.7276,,0,,0,,2400.554,,110366.791,,,,5481.32,,,,,,,,,,,,,,,,,,,,,,,,,,,,,,,,,,,903.9352,,,,,760.984,,,,,0,,,,1664.9192,,,,,,,,,,,,,,,
1943,,37298.1728,,0,,0,,0,,0,,0,,0,,3.683,,3020.06,,19.39925,,38371.7038,,4141.9018,,116.0145,,0,,0,,3679.0376,,0,,10197.4904,,9627.1588,,5827.2426,,0,,0,,6719.57,,119021.4346,,,,3962.4,,,,,,,,,,,,,,,,,,,,,,,,,,,,,,,,,,,240.3856,,,,,327.152,,,,,52.6288,,,,620.1664,,,,,,,,,,,,,,,
1944,,28137.9168,,0,,0,,0,,0,,0,,0,,3.683,,2161.921,,19.39925,,45645.6288,,4646.4728,,32.22625,,0,,0,,2448.6616,,0,,10954.7152,,10768.6348,,3779.4946,,0,,0,,2790.19,,111388.9441,,,,3632.2,,,,,,,,,,,,,,,,,,,,,,,,,,,,,,,,,,,64.008,,,,,701.9544,,,,,22.0472,,,,788.0096,,,,,,,,,,,,,,,
1945,,24892,,0,,0,,0,,0,,0,,0,,3.683,,1940.941,,19.39925,,23762.716,,4123.4868,,222.8215,,0,,0,,2275.84,,0,,11829.796,,5115.306,,3572.51,,0,,0,,485.394,,78243.89355,,,,2773.68,,,,,,,,,,,,,,,,,,,,,,,,,,,,,,,,,,,760.984,,,,,768.8072,,,,,0,,,,1529.7912,,,,,,,,,,,,,,,
1946,,16215.36,,0,,0,,0,,0,,0,,0,,11.049,,1664.716,,0,,22436.836,,3036.6335,,624.2685,,0,,0,,2773.68,,0,,8008.6835,,5465.572,,3798.09375,,0,,0,,1122.68,,65157.57225,,,,4226.56,,,,,,,,,,,,,,,,,,,,,,,,,,,,,,,,,,,1033.3736,,,,,994.9688,,,,,0,,,,2028.3424,,,,,,,,,,,,,,,
1947,,10596.88,,0,,0,,0,,0,,0,,0,,13.81125,,1252.22,,9.209529343,,19755.612,,2983.23,,239.395,,0,,0,,2844.8,,0,,10142.982,,6080.76,,1977.771,,0,,0,,1584.96,,57481.63078,,,,5745.48,,,,,,,,,,,,,,,,,,,,,,,,,,,,,,,,,,,407.5176,,,,,1273.048,,,,,0,,,,1680.5656,,,,,,,,,,,,,,,
1948,,8651.748,,0,,0,,0,,0,,0,,0,,58.928,,606.77425,,12.2847103,,18944.43125,,2147.189,,213.614,,0,,0,,2773.68,,0,,6776.72,,6525.26,,2449.195,,0,,0,,858.52,,50018.34421,,,,3566.16,,,,,,,,,,,,,,,,,,,,,,,,,,,,,,,,,,,142.24,,,,,2488.4888,,,,,0,,,,2630.7288,,,,,,,,,,,,,,,
1949,,6564.376,,0,,0,,0,,0,,59.436,,0,,430.911,,430.911,,0,,14356.334,,4073.398,,570.865,,0,,0,,2208.276,,0,,5565.013,,6873.748,,998.093,,0,,2.2225,,845.312,,42978.8955,,,,3235.96,,,,,,,,,,,,,,,,,,,,,,,,,,,,,,,,,,,213.36,,,,,2241.7024,,,,,0,,,,2455.0624,,,,,,,,,,,,,,,
1950,,7508.24,,0,,0,,3.556,,0,,50.8,,0,,350.52,,335.28,,0,,21031.2,,3048,,193.04,,0,,0,,2580.64,,0,,6029.96,,6055.36,,1097.28,,0,,3.81,,690.88,,48978.566,,,,2641.6,,,,,,,,,,,,,,,,,,,,,,,,,,,,,,,,,,,2157.7808,,,,,1498.4984,,,,,0,,,,3656.2792,,,,,,,,,,,,,,,
1951,,5943.6,,0,,0,,0,,0,,0,,0,,71.12,,274.32,,3.302,,21000.72,,2011.68,,182.88,,0,,0,,1635.76,,0,,6705.6,,2194.56,,1391.92,,0,,3.556,,487.68,,41906.698,,,,3302,,,,,,,,,,,,,,,,,,,,,,,,,,,,,,,,,,,1595.9328,,,,,2726.7408,,,,,8.865179689,,,,4331.53878,,,,,,,,,,,,,,,
1952,,4500.88,,0,,0,,0,,0,,0,,0,,0,,167.64,,45.72,,20360.64,,3037.84,,14.732,,0,,0,,1259.84,,0,,5862.32,,3322.32,,447.04,,0,,7.112,,660.4,,39686.484,,,,3434.08,,,,,,,,,,,,,,,,,,,,,,,,,,,,,,,,,,,2321.56,,,,,4308.856,,,,,15.24,,,,6645.656,,,,,,,,,,,,,,,
1953,,5648.96,,0,,0,,0,,0,,0,,0,,81.026,,579.12,,81.28,,17515.84,,1046.48,,0,,0,,0,,731.52,,0,,3505.2,,2733.04,,1158.24,,0,,0,,1381.76,,34462.466,,,,2905.76,,,,,,,,,,,,,,,,,,,,,,,,,,,,,,,,,,,2764.536,,,,,4970.272,,,,,19.304,,,,7754.112,,,,,,,,,,,,,,,
1954,,6949.44,,0,,0,,0,,0,,0,,0,,0,,833.12,,0,,11115.04,,162.56,,0,,0,,0,,203.2,,0,,1869.44,,2082.8,,11115.04,,0,,0,,3606.8,,37937.44,,,,2311.4,,,,,,,,,,,,,,,,,,,,,,,,,,,,,,,,,,,2882.392,,,,,5210.048,,,,,0,,,,8092.44,,,,,,,,,,,,,,,
1955,,5415.28,,0,,0,,0,,0,,0,,0,,0,,144.78,,0.635,,12862.56,,304.8,,0,,0,,0,,81.28,,0,,4033.52,,1239.52,,20.32,,0,,0,,3190.24,,27292.935,,,,195,,,,,,,,,,,,,,,,,,,,,,,,,,,,,,,,,,,7890.256,,,,,4233.672,,,,,9.144,,,,12133.072,,,,,,,,,,,,,,,
1956,,3298.952,,0,,0,,0,,0,,1.016,,0,,0.07366,,82.296,,61.976,,13384.784,,267.208,,0,,0,,0,,277.368,,0,,4691.888,,913.384,,0,,0,,0,,4333.24,,27312.18566,,,,0,,,,,,,,,,,,,,,,,,,,,,,,,,,,,,,,,,,8509,,,,,15919.704,,,,,5.08,,,,24433.784,,,,,,,,,,,,,,,
1957,,2242.0072,,0,,0,,0,,0,,0,,0,,0,,10.8712,,34.2392,,10415.4224,,425.3992,,0,,0,,0,,119.888,,0,,2580.9448,,906.8816,,1168.1968,,0,,0,,3539.0328,,21442.8832,,,,33.02,,,,,,,,,,,,,,,,,,,,,,,,,,,,,,,,,,,3450.336,,,,,15060.168,,,,,0,,,,18510.504,,,,,,,,,,,,,,,
1958,,2116.328,,0,,0,,0,,0,,0,,0,,0,,73.152,,94.488,,13038.328,,344.424,,0,,0,,0,,132.08,,0,,2228.088,,1818.64,,624.84,,0,,14.224,,3835.4,,24319.992,,,,0,,,,,,,,,,,,,,,,,,,,,,,,,,,,,,,,,,,821.944,,,,,8680.704,,,,,0,,,,9502.648,,,,,,,,,,,,,,,
1959,,708.8632,,0,,0,,0,,0,,0,,0,,36.9824,,176.784,,0,,12065.8128,,336.804,,0,,0,,0,,122.1232,,0,,1470.2536,,412.9024,,1446.3776,,0,,5.3848,,853.8464,,17636.1344,,,,0,,,,,,,,,,,,,,,,,,,,,,,,,,,,,,,,,,,1529.08,,,,,16166.592,,,,,0,,,,17695.672,,,,,,,,,,,,,,,
1960,,890.8288,,0,,0,,0,,0,,0,,0,,0,,5.1816,,2.9464,,9561.576,,643.128,,0,,0,,0,,34.2392,,0,,2417.1656,,2488.9968,,1859.788,,0,,0,,4730.6992,,22634.5496,,,,0,,,,,,,,,,,,,,,,,,,,,,,,,,,,,,,,,,,1275.08,,,,,17981.168,,,,,0,,,,19256.248,,,,,,,,,,,,,,,
1961,,1175.8168,,0,,0,,0,,0,,0,,0,,0,,9.4488,,25.7048,,8155.94,,769.8232,,0,,0,,0,,35.2552,,0,,1419.7584,,2619.9592,,1136.4976,,0,,2.032,,2235.3016,,17585.5376,,,,0,,,,,,,,,,,,,,,,,,,,,,,,,,,,,,,,,,,1194.816,,,,,22274.784,,,,,0,,,,23469.6,,,,,,,,,,,,,,,
1962,,852.8304,,0,,0,,0,,0,,0,,0,,0,,0,,0,,9909.556,,1046.3784,,0,,0,,0,,52.7304,,0,,1027.5824,,2369.4136,,2692.2984,,0,,0,,3589.3248,,21540.1144,,,,726.44,,,,,,,,,,,,,,,,,,,,,,,,,,,,,,,,,,,1383.792,,,,,31480.76,,,,,0,,,,32864.552,,,,,,,,,,,,,,,
1963,,1798.7264,,0,,0,,0,,0,,1.4224,,0,,0,,3153.156,,0,,9950.704,,1862.9376,,0,,0,,0,,269.8496,,0,,948.944,,1925.9296,,1666.0368,,0,,9.9568,,3778.6056,,25366.2688,,,,990.6,,,,,,,,,,,,,,,,,,,,,,,,,,,,,,,,,,,2907.792,,,,,36851.336,,,,,9.144,,,,39768.272,,,,,,,,,,,,,,,
1964,,2622.296,,0,,0,,0,,0,,2.54,,0,,0,,23338.028,,2.3368,,15684.7032,,1014.3744,,0,,0,,0,,213.1568,,0,,3398.3168,,1445.26,,228.1936,,0,,0,,20188.6312,,68137.8368,,,,133532.88,,,,,,,,,,,,,,,,,,,,,,,,,,,,,,,,,,,3850.64,,,,,41437.56,,,,,67.056,,,,45355.256,,,,,,,,,,,,,,,
1965,,1121.664,,0,,0,,0,,0,,0,,0,,0,,31172.8104,,0.6096,,16642.1816,,760.7808,,0,,0,,0,,132.08,,0,,3514.6488,,212.2424,,84.7344,,0,,8.7376,,60516.4144,,114166.904,,,,733.044,,,,,,,,,,,,,,,,,,,,,,,,,,,,,,,,,,,2180.336,,,,,45383.704,,,,,12.192,,,,47576.232,,,,,,,,,,,,,,,
1966,,2417.7752,,0,,0,,0,,0,,0,,0,,0,,29690.9744,,0,,29267.404,,0,,0,,0,,0,,256.9464,,0,,4574.4384,,8953.6016,,920.0896,,0,,0,,64105.6376,,140186.8672,,,,1749.274245,,,,,,,,,,,,,,,,,,,,,,,,,,,,,,,,,,,1549.4,,,,,39230.808,,,,,242.824,,,,41023.032,,,,,,,,,,,,,,,
1967,,1980.3872,,0,,0,,0,,0,,0,,0,,40.5384,,32793.0256,,2.4384,,31561.9384,,612.5464,,0,,0,,11.0744,,51.0032,,0,,4699.508,,14895.9824,,2072.0304,,0,,0,,70702.2208,,159422.6936,,,,3139.170371,,,,,,,,,,,,,,,,,,,,,,,,,,,,,,,,,,,7772.4,,,,,79857.6,,,,,208.28,,,,87838.28,,,,,,,,,,,,,,,
1968,,20914.1568,,0,,0,,0,,0,,166.0144,,0,,0,,27596.8968,,0.9144,,20558.6584,,6900.3672,,0,,0,,0,,160.8328,,0,,3482.1368,,0,,1332.3824,,0,,0,,65991.9432,,147104.3032,,,,6075.68,,,,,,,,,,,,,,,,,,,,,,,,,,,,,,,,,,,22778.72,,,,,61407.04,,,,,18.288,,,,84204.048,,,,,,,,,,,,,,,
1969,,0,,0,,0,,0,,0,,0,,0,,0,,0,,0,,0,,0,,0,,0,,0,,0,,0,,0,,0,,0,,0,,0,,68790,,72200,,,,1043.185,,,,,,,,,,,,,,,,,,,,,,,,,,,,,,,,,,,23738.84,,,,,23414.736,,,,,16.256,,,,47169.832,,,,,,,,,,,,,,,
1970,,0,,0,,0,,0,,0,,0,,0,,0,,0,,0,,0,,0,,0,,0,,0,,0,,0,,0,,0,,0,,0,,0,,81787.67178,,171400,,,,388.31,,,,,,,,,,,,,,,,,,,,,,,,,,,,,,,,,,,28214.32,,,,,24700.992,,,,,0,,,,52915.312,,,,,,,,,,,,,,,
1971,,0,,0,,0,,0,,0,,0,,0,,0,,0,,0,,0,,0,,0,,0,,0,,0,,0,,0,,0,,0,,0,,0,,81790,,185000,,,,340.86,,,,,,,,,,,,,,,,,,,,,,,,,,,,,,,,,,,23032.72,,,,,37364.416,,,,,0,,,,60397.136,,,,,,,,,,,,,,,
1972,,0,,0,,0,,0,,0,,0,,0,,0,,0,,0,,0,,0,,0,,0,,0,,0,,0,,0,,0,,0,,0,,0,,106600.6098,,246000,,,,10.335,,,,,,,,,,,,,,,,,,,,,,,,,,,,,,,,,,,105775.76,,,,,37496.496,,,,,0,,,,143272.256,,,,,,,,,,,,,,,
1973,,0,,0,,0,,0,,0,,0,,0,,0,,0,,0,,0,,0,,0,,0,,0,,0,,0,,0,,0,,0,,0,,0,,165300,,299800,,,,6.435,,,,,,,,,,,,,,,,,,,,,,,,,,,,,,,,,,,62982,,,,,23769,,,,,0,,,,86751,,,,,,,,,,,,,,,
1974,,0,,0,,0,,0,,0,,0,,0,,0,,0,,0,,0,,0,,0,,0,,0,,0,,0,,0,,0,,0,,0,,0,,143651.03,,223400,,,,0,,,,,,,,,,,,,,,,,,,,,,,,,,,,,,,,,,,51614,,,,,9283,,,,,0,,,,60897,,,,,,,,,,,,,,,
1975,,0,,0,,0,,0,,0,,0,,0,,0,,0,,0,,0,,0,,0,,0,,0,,0,,0,,0,,0,,0,,0,,0,,131100,,185400,,,,2.99,,,,,,,,,,,,,,,,,,,,,,,,,,,,,,,,,,,43060,,,,,22649,,,,,0,,,,65709,,,,,,,,,,,,,,,
1976,,0,,0,,0,,0,,0,,0,,0,,0,,0,,0,,0,,0,,0,,0,,0,,0,,0,,0,,0,,0,,0,,0,,101925,,146400,,,,205.704,,,,,,,,,,,,,,,,,,,,,,,,,,,,,,,,,,,40700,,,,,2800,,,,,0,,,,43500,,,,,,,,,,,,,,,
1977,,0,,0,,0,,0,,0,,0,,0,,0,,0,,0,,0,,0,,0,,0,,0,,0,,0,,0,,0,,0,,0,,0,,111000,,141300,,,,137.41,,,,,,,,,,,,,,,,,,,,,,,,,,,,,,,,,,,34800,,,,,11230,,,,,0,,,,46030,,,,,,,,,,,,,,,
1978,,0,,0,,0,,0,,0,,0,,0,,0,,0,,0,,0,,0,,0,,0,,0,,0,,0,,0,,0,,0,,0,,0,,171490,,220900,,,,115.31,,,,,,,,,,,,,,,,,,,,,,,,,,,,,,,,,,,40856,,,,,8863.6,,,,,0,,,,49719.6,,,,,,,,,,,,,,,
1979,,0,,0,,0,,0,,0,,0,,0,,0,,0,,0,,0,,0,,0,,0,,0,,0,,0,,0,,0,,0,,0,,0,,196601.25,,258800,,,,32.24,,,,,,,,,,,,,,,,,,,,,,,,,,,,,,,,,,,38613,,,,,10304,,,,,0,,,,48917,,,,,,,,,,,,,,,
1980,,0,,0,,0,,0,,0,,0,,0,,0,,0,,0,,0,,0,,0,,0,,0,,0,,0,,0,,0,,0,,0,,0,,171460,,240200,,,,0,,,,,,,,,,,,,,,,,,,,,,,,,,,,,,,,,,,30000,,,,,9574.9,,,,,0,,,,39574.9,,,,,,,,,,,,,,,
1981,,0,,0,,0,,0,,0,,0,,0,,0,,0,,0,,0,,0,,0,,0,,0,,0,,0,,0,,0,,0,,0,,0,,143050,,205300,,,,0,,,,,,,,,,,,,,,,,,,,,,,,,,,,,,,,,,,43234,,,,,20521,,,,,0,,,,63755,,,,,,,,,,,,,,,
1982,,0,,0,,0,,0,,0,,0,,0,,0,,0,,0,,0,,0,,0,,0,,0,,0,,0,,0,,0,,0,,0,,0,,131230,,165200,,,,0,,,,,,,,,,,,,,,,,,,,,,,,,,,,,,,,,,,38383,,,,,12157,,,,,0,,,,50540,,,,,,,,,,,,,,,
1983,,0,,0,,0,,0,,0,,0,,0,,0,,0,,0,,0,,0,,0,,0,,0,,0,,0,,0,,0,,0,,0,,0,,105850,,157600,,,,0,,,,,,,,,,,,,,,,,,,,,,,,,,,,,,,,,,,34440,,,,,20493,,,,,0,,,,54933,,,,,,,,,,,,,,,
1984,,0,,0,,0,,0,,0,,0,,0,,0,,0,,0,,0,,0,,0,,0,,0,,0,,0,,0,,0,,0,,0,,0,,107280,,138800,,,,0,,,,,,,,,,,,,,,,,,,,,,,,,,,,,,,,,,,39200,,,,,11340.9,,,,,0,,,,50540.9,,,,,,,,,,,,,,,
1985,,0,,0,,0,,0,,0,,0,,0,,0,,0,,0,,0,,0,,0,,0,,0,,0,,0,,0,,0,,0,,0,,0,,74950,,130600,,,,0,,,,,,,,,,,,,,,,,,,,,,,,,,,,,,,,,,,30526,,,,,1580,,,,,0,,,,32106,,,,,,,,,,,,,,,
1986,,0,,0,,0,,0,,0,,0,,0,,0,,0,,0,,0,,0,,0,,0,,0,,0,,0,,0,,0,,0,,0,,0,,53600,,128000,,,,0,,,,,,,,,,,,,,,,,,,,,,,,,,,,,,,,,,,49673,,,,,2360,,,,,0,,,,52033,,,,,,,,,,,,,,,
1987,,0,,0,,0,,0,,0,,0,,0,,0,,0,,0,,0,,0,,0,,0,,0,,0,,0,,0,,0,,0,,0,,0,,0,,24900,,,,0,,,,,,,,,,,,,,,,,,,,,,,,,,,,,,,,,,,42950,,,,,2440,,,,,0,,,,45390,,,,,,,,,,,,,,,
1988,,0,,0,,0,,0,,0,,0,,0,,0,,0,,0,,0,,0,,0,,0,,0,,0,,0,,0,,0,,0,,0,,0,,0,,300,,,,0,,,,,,,,,,,,,,,,,,,,,,,,,,,,,,,,,,,26220,,,,,0,,,,,0,,,,26220,,,,,,,,,,,,,,,
1989,,0,,0,,0,,0,,0,,0,,0,,0,,0,,0,,0,,0,,0,,0,,0,,0,,0,,0,,0,,0,,0,,0,,0,,0,,,,0,,,,,,,,,,,,,,,,,,,,,,,,,,,,,,,,,,,22482,,,,,500,,,,,0,,,,22982,,,,,,,,,,,,,,,
1990,,0,,0,,0,,0,,0,,0,,0,,0,,0,,0,,0,,0,,0,,0,,0,,0,,0,,0,,0,,0,,0,,0,,0,,0,,,,0,,,,,,,,,,,,,,,,,,,,,,,,,,,,,,,,,,,14279,,,,,241,,,,,0,,,,14520,,,,,,,,,,,,,,,
1991,,0,,0,,0,,0,,0,,0,,0,,0,,0,,0,,0,,0,,0,,0,,0,,0,,0,,0,,0,,0,,0,,0,,0,,0,,,,0,,,,,,,,,,,,,,,,,,,,,,,,,,,,,,,,,,,18400,,,,,100,,,,,0,,,,18500,,,,,,,,,,,,,,,
1992,,0,,0,,0,,0,,0,,0,,0,,0,,0,,0,,0,,0,,0,,0,,0,,0,,0,,0,,0,,0,,0,,0,,0,,0,,,,0,,,,,,,,,,,,,,,,,,,,,,,,,,,,,,,,,,,19400,,,,,400,,,,,0,,,,19800,,,,,,,,,,,,,,,
1993,,0,,0,,0,,0,,0,,0,,0,,0,,0,,0,,0,,0,,0,,0,,0,,0,,0,,0,,0,,0,,0,,0,,0,,1300,,,,0,,,,,,,,,,,,,,,,,,,,,,,,,,,,,,,,,,,9800,,,,,1200,,,,,0,,,,11000,,,,,,,,,,,,,,,
1994,,0,,0,,0,,0,,0,,0,,0,,0,,0,,0,,0,,0,,0,,0,,0,,0,,0,,0,,0,,0,,0,,0,,0,,0,,,,0,,,,,,,,,,,,,,,,,,,,,,,,,,,,,,,,,,,20300,,,,,600,,,,,0,,,,20900,,,,,,,,,,,,,,,
1995,,0,,0,,0,,0,,0,,0,,0,,0,,0,,0,,0,,0,,0,,0,,0,,0,,0,,0,,0,,0,,0,,0,,0,,0,,,,0,,,,,,,,,,,,,,,,,,,,,,,,,,,,,,,,,,,41100,,,,,1783.1,,,,,0,,,,42883.1,,,,,,,,,,,,,,,
1996,,0,,0,,0,,0,,0,,0,,0,,0,,0,,0,,0,,0,,0,,0,,0,,0,,0,,0,,0,,0,,0,,0,,0,,0,,,,0,,,,,,,,,,,,,,,,,,,,,,,,,,,,,,,,,,,36700,,,,,300,,,,,0,,,,37000,,,,,,,,,,,,,,,
1997,,0,,0,,0,,0,,0,,0,,0,,0,,0,,0,,0,,0,,0,,0,,0,,0,,0,,0,,0,,0,,0,,0,,0,,0,,,,0,,,,,,,,,,,,,,,,,,,,,,,,,,,,,,,,,,,52300,,,,,0,,,,,0,,,,52300,,,,,,,,,,,,,,,
1998,,0,,0,,0,,0,,0,,0,,0,,0,,0,,0,,0,,0,,0,,0,,0,,0,,0,,0,,0,,0,,0,,0,,0,,0,,,,0,,,,,,,,,,,,,,,,,,,,,,,,,,,,,,,,,,,58800,,,,,0,,,,,0,,,,58800,,,,,,,,,,,,,,,
1999,,0,,0,,0,,0,,0,,0,,0,,0,,0,,0,,0,,0,,0,,0,,0,,0,,0,,0,,0,,0,,0,,0,,0,,4000,,,,0,,,,,,,,,,,,,,,,,,,,,,,,,,,,,,,,,,,46600,,,,,0,,,,,0,,,,46600,,,,,,,,,,,,,,,
2000,,0,,0,,0,,0,,0,,0,,0,,0,,0,,0,,0,,0,,0,,0,,0,,0,,0,,0,,0,,0,,0,,0,,0,,0,,,,0,,,,,,,,,,,,,,,,,,,,,,,,,,,,,,,,,,,71250,,,,,0,,,,,0,,,,71250,,,,,,,,,,,,,,,
2001,,0,,0,,0,,0,,0,,0,,0,,0,,0,,0,,0,,0,,0,,0,,0,,0,,0,,0,,0,,0,,0,,0,,0,,0,,,,0,,,,,,,,,,,,,,,,,,,,,,,,,,,,,,,,,,,97600,,,,,0,,,,,0,,,,97600,,,,,,,,,,,,,,,
2002,,0,,0,,0,,0,,0,,0,,0,,0,,0,,0,,0,,0,,0,,0,,0,,0,,0,,0,,0,,0,,0,,0,,0,,74960,,,,0,,,,,,,,,,,,,,,,,,,,,,,,,,,,,,,,,,,76300,,,,,0,,,,,0,,,,76300,,,,,,,,,,,,,,,
2003,,0,,0,,0,,0,,0,,0,,0,,0,,0,,0,,0,,0,,0,,0,,0,,0,,0,,0,,0,,0,,0,,0,,0,,103100,,,,0,,,,,,,,,,,,,,,,,,,,,,,,,,,,,,,,,,,65300,,,,,0,,,,,0,,,,65300,,,,,,,,,,,,,,,
2004,,0,,0,,0,,0,,0,,0,,0,,0,,0,,0,,0,,0,,0,,0,,0,,0,,0,,0,,0,,0,,0,,0,,0,,42900,,,,0,,,,,,,,,,,,,,,,,,,,,,,,,,,,,,,,,,,42600,,,,,0,,,,,0,,,,42600,,,,,,,,,,,,,,,
2005,,0,,0,,0,,0,,0,,0,,0,,0,,0,,0,,0,,0,,0,,0,,0,,0,,0,,0,,0,,0,,0,,0,,0,,0,,,,0,,,,,,,,,,,,,,,,,,,,,,,,,,,,,,,,,,,42700,,,,,0,,,,,0,,,,42700,,,,,,,,,,,,,,,
2006,,0,,0,,0,,0,,0,,0,,0,,0,,0,,0,,0,,0,,0,,0,,0,,0,,0,,0,,0,,0,,0,,0,,0,,0,,,,0,,,,,,,,,,,,,,,,,,,,,,,,,,,,,,,,,,,42600,,,,,0,,,,,0,,,,42600,,,,,,,,,,,,,,,
2007,,0,,0,,0,,0,,0,,0,,0,,0,,0,,0,,0,,0,,0,,0,,0,,0,,0,,0,,0,,0,,0,,0,,0,,0,,,,0,,,,,,,,,,,,,,,,,,,,,,,,,,,,,,,,,,,14800,,,,,0,,,,,0,,,,14800,,,,,,,,,,,,,,,
2008,,0,,0,,0,,0,,0,,0,,0,,0,,0,,0,,0,,0,,0,,0,,0,,0,,0,,0,,0,,0,,0,,0,,0,,0,,,,0,,,,,,,,,,,,,,,,,,,,,,,,,,,,,,,,,,,17000,,,,,0,,,,,0,,,,17000,,,,,,,,,,,,,,,
2009,,0,,0,,0,,0,,0,,0,,0,,0,,0,,0,,0,,0,,0,,0,,0,,0,,0,,0,,0,,0,,0,,0,,0,,0,,,,0,,,,,,,,,,,,,,,,,,,,,,,,,,,,,,,,,,,0,,,,,0,,,,,0,,,,0,,,,,,,,,,,,,,,
2010,,0,,0,,0,,0,,0,,0,,0,,0,,0,,0,,0,,0,,0,,0,,0,,0,,0,,0,,0,,0,,0,,0,,0,,0,,,,0,,,,,,,,,,,,,,,,,,,,,,,,,,,,,,,,,,,0,,,,,0,,,,,0,,,,0,,,,,,,,,,,,,,,
2011,,0,,0,,0,,0,,0,,0,,0,,0,,0,,0,,0,,0,,0,,0,,0,,0,,0,,0,,0,,0,,0,,0,,0,,0,,,,0,,,,,,,,,,,,,,,,,,,,,,,,,,,,,,,,,,,0,,,,,0,,,,,0,,,,0,,,,,,,,,,,,,,,
2012,,0,,0,,0,,0,,0,,0,,0,,0,,0,,0,,0,,0,,0,,0,,0,,0,,0,,0,,0,,0,,0,,0,,0,,0,,,,0,,,,,,,,,,,,,,,,,,,,,,,,,,,,,,,,,,,0,,,,,0,,,,,0,,,,0,,,,,,,,,,,,,,,
2013,,0,,0,,0,,0,,0,,0,,0,,0,,0,,0,,0,,0,,0,,0,,0,,0,,0,,0,,0,,0,,0,,0,,0,,0,,,,0,,,,,,,,,,,,,,,,,,,,,,,,,,,,,,,,,,,0,,,,,0,,,,,0,,,,0,,,,,,,,,,,,,,,
2014,,0,,0,,0,,0,,0,,0,,0,,0,,0,,0,,0,,0,,0,,0,,0,,0,,0,,0,,0,,0,,0,,0,,0,,0,,,,0,,,,,,,,,,,,,,,,,,,,,,,,,,,,,,,,,,,0,,,,,0,,,,,0,,,,1400,,,,,,,,,,,,,,,
2015,,0,,0,,0,,0,,0,,0,,0,,0,,0,,0,,0,,0,,0,,0,,0,,0,,0,,0,,0,,0,,0,,0,,0,,0,,,,0,,,,,,,,,,,,,,,,,,,,,,,,,,,,,,,,,,,0,,,,,0,,,,,0,,,,2176.7,,,,,,,,,,,,,,,
2016,,0,,0,,0,,0,,0,,0,,0,,0,,0,,0,,0,,0,,0,,0,,0,,0,,0,,0,,0,,0,,0,,0,,0,,0,,,,0,,,,,,,,,,,,,,,,,,,,,,,,,,,,,,,,,,,0,,,,,0,,,,,0,,,,4128,,,,,,,,,,,,,,,
2017,,0,,0,,0,,0,,0,,0,,0,,0,,0,,0,,0,,0,,0,,0,,0,,0,,0,,0,,0,,0,,0,,0,,0,,0,,,,0,,,,,,,,,,,,,,,,,,,,,,,,,,,,,,,,,,,0,,,,,0,,,,,0,,,,2110,,,,,,,,,,,,,,,
2018,,0,,0,,0,,0,,0,,0,,0,,0,,0,,0,,0,,0,,0,,0,,0,,0,,0,,0,,0,,0,,0,,0,,0,,0,,,,0,,,,,,,,,,,,,,,,,,,,,,,,,,,,,,,,,,,0,,,,,0,,,,,0,,,,8210,,,,,,,,,,,,,,,
2019,,0,,0,,0,,0,,0,,0,,0,,0,,0,,0,,0,,0,,0,,0,,0,,0,,0,,0,,0,,0,,0,,0,,0,,0,,,,0,,,,,,,,,,,,,,,,,,,,,,,,,,,,,,,,,,,0,,,,,0,,,,,0,,,,9934.4,,,,,,,,,,,,,,,
2020,,0,,0,,0,,0,,0,,0,,0,,0,,0,,0,,0,,0,,0,,0,,0,,0,,0,,0,,0,,0,,0,,0,,0,,0,,,,0,,,,,,,,,,,,,,,,,,,,,,,,,,,,,,,,,,,0,,,,,0,,,,,0,,,,11217.4,,,,,,,,,,,,,,,
2021,,0,,0,,0,,0,,0,,0,,0,,0,,0,,0,,0,,0,,0,,0,,0,,0,,0,,0,,0,,0,,0,,0,,0,,0,,,,0,,,,,,,,,,,,,,,,,,,,,,,,,,,,,,,,,,,0,,,,,0,,,,,0,,,,7151,,,,,,,,,,,,,,,
